Omega0,w,rho,rho_det,rho_cs_det,var
0.20000,0.02000,0.00000230,0.00000230,0.00000371,1.27612668e-01
0.20000,0.14839,0.00000014,0.00000013,0.00005427,1.47658310e-01
0.20000,0.27677,0.00000003,0.00000003,0.00365758,1.73222049e-01
0.20000,0.40516,0.00000001,0.00000000,0.22731940,2.02858402e-01
0.20000,0.53355,0.00000001,0.00000000,9.19657427,2.37008049e-01
0.20000,0.66194,0.00000010,0.00000002,238.10266185,2.83667501e-01
0.20000,0.79032,0.00000052,0.00000002,4148.67846760,3.61087755e-01
0.20000,0.91871,0.00000296,0.00000003,51473.63137034,4.85213868e-01
0.20000,1.04710,0.00001216,0.00000033,477788.88497555,6.62200023e-01
0.20000,1.17548,0.00006127,0.00001043,3455712.31972143,9.74034463e-01
0.20000,1.30387,0.00078823,0.00016224,20130761.67808808,1.65918409e+00
0.20000,1.43226,0.01641924,0.00308589,97031294.35362260,3.15025030e+00
0.20000,1.56065,0.39106394,0.22600415,395643864.98303831,8.72919956e+00
0.20000,1.68903,2.45016488,0.42590164,1389973482.51766825,NaN
0.20000,1.81742,20.01174828,1.88759433,4272600298.27483940,NaN
0.20000,1.94581,203.96448934,12.24027192,11641503792.26444244,NaN
0.20000,2.07419,1516.50177895,81.99189454,28430389539.55272293,NaN
0.20000,2.20258,9309.93874594,544.51315970,62831338470.53771973,NaN
0.20000,2.33097,53654.94234453,7019.64913613,126710634893.51899719,NaN
0.20000,2.45935,309427.01679255,105747.89692997,234895328115.62435913,NaN
0.20000,2.58774,1625801.31856871,767596.23603952,402880793039.95483398,NaN
0.20000,2.71613,6513184.79496606,3246661.87584316,643032303005.81018066,NaN
0.20000,2.84452,18747339.55538503,7525238.24034189,960070322155.15222168,NaN
0.20000,2.97290,43747403.01929079,4543324.61562012,1347208409048.89916992,NaN
0.20000,3.10129,104606581.86244898,13957092.88881113,1784416572534.02636719,NaN
0.20000,3.22968,265279854.50648457,39309777.23519224,2239772325719.33740234,NaN
0.20000,3.35806,631436250.33360302,102229811.34954982,2673898837039.51367188,NaN
0.20000,3.48645,1372680642.80273509,247084670.03362051,3046467115351.79785156,NaN
0.20000,3.61484,3069100966.77092361,558387996.03003454,3323078446239.07421875,NaN
0.20000,3.74323,7919103437.26888275,1186721113.46567512,3480787332640.39404297,NaN
0.20000,3.87161,20332941200.14848709,7984814339.78925323,3511042356002.50634766,NaN
0.20000,4.00000,44184392641.57738495,20831336221.07121277,3419656993444.28515625,NaN
0.23830,0.02000,0.00003884,0.00003882,0.00001461,1.23925420e-01
0.23830,0.14839,0.00033002,0.00032353,0.00000025,1.22516223e-01
0.23830,0.27677,0.00174103,0.00163057,0.00000000,1.30122683e-01
0.23830,0.40516,0.01839020,0.01764501,0.00000000,1.40287385e-01
0.23830,0.53355,0.01922687,0.01189474,0.00000000,1.78213814e-01
0.23830,0.66194,0.10350519,0.07958645,0.00000000,3.54185397e-01
0.23830,0.79032,0.63162648,0.38316164,0.00000000,1.45896815e+00
0.23830,0.91871,3.24820314,2.58681506,0.00000002,NaN
0.23830,1.04710,3.67150531,1.15628724,0.00000006,NaN
0.23830,1.17548,10.95938563,4.02240717,0.00000020,NaN
0.23830,1.30387,24.73230975,2.28536145,0.00000192,NaN
0.23830,1.43226,65.23082673,9.85162408,0.00018968,NaN
0.23830,1.56065,224.99727520,42.69924802,0.01108361,NaN
0.23830,1.68903,899.59651332,347.59964646,0.09526694,NaN
0.23830,1.81742,2635.43404517,1456.85165098,0.01837032,NaN
0.23830,1.94581,5804.22637957,3391.17560809,0.26956980,NaN
0.23830,2.07419,10832.15366225,6068.30402883,3.25891652,NaN
0.23830,2.20258,17421.71426425,9047.36357645,33.19335973,NaN
0.23830,2.33097,23890.27310134,10825.57893781,290.15790090,NaN
0.23830,2.45935,29469.74295649,7987.73161934,2210.74442863,NaN
0.23830,2.58774,37735.61618005,8087.22933593,14874.62980753,NaN
0.23830,2.71613,54297.70953698,11174.39869328,89374.70093652,NaN
0.23830,2.84452,82424.83198469,14958.83940946,484209.31254454,NaN
0.23830,2.97290,123023.07671148,19527.76364441,2385304.38554954,NaN
0.23830,3.10129,175985.86398165,24956.24466357,10763053.74650854,NaN
0.23830,3.22968,244302.37645332,31267.17009168,44773223.10771633,NaN
0.23830,3.35806,339087.47545941,38375.59816471,172696321.26537028,NaN
0.23830,3.48645,485402.71670799,46015.49645698,620796142.89355874,NaN
0.23830,3.61484,732502.80551170,53641.39722374,2089311365.92100215,NaN
0.23830,3.74323,1165381.27569837,60302.57856219,6610472482.54864693,NaN
0.23830,3.87161,1913413.57012769,207910.89387921,19735610833.17844772,NaN
0.23830,4.00000,3171098.06129778,318785.59856520,55785312281.57128143,NaN
0.27660,0.02000,0.00010751,0.00010746,0.00024245,1.23998478e-01
0.27660,0.14839,0.00010606,0.00010301,0.01482470,1.21015835e-01
0.27660,0.27677,0.00022604,0.00017686,0.34630488,1.20375211e-01
0.27660,0.40516,0.00161868,0.00153073,4.26388174,1.19910998e-01
0.27660,0.53355,0.00285746,0.00127773,33.19551815,1.19494898e-01
0.27660,0.66194,0.00913361,0.00297626,182.94331364,1.20189785e-01
0.27660,0.79032,0.05073797,0.03884590,769.27243236,1.23234618e-01
0.27660,0.91871,0.17359557,0.08445557,2601.08700511,1.39086923e-01
0.27660,1.04710,1.44058601,1.08206407,7347.75456289,NaN
0.27660,1.17548,2.74531053,0.95779476,17848.74222271,NaN
0.27660,1.30387,12.93204762,2.88842735,38126.67682146,NaN
0.27660,1.43226,93.51857734,40.61612996,72901.03043891,NaN
0.27660,1.56065,358.55145493,111.35838221,126583.05455724,NaN
0.27660,1.68903,990.10917312,96.43189189,201983.50486691,NaN
0.27660,1.81742,3482.23430475,503.77460914,299145.34597966,NaN
0.27660,1.94581,11123.61929378,2084.36608422,414719.55305965,NaN
0.27660,2.07419,29405.13311525,7333.15050179,542127.04433749,NaN
0.27660,2.20258,78148.34628434,22817.28137144,672481.15668290,NaN
0.27660,2.33097,234901.03891560,64284.59711674,796005.54886959,NaN
0.27660,2.45935,692198.85561798,166367.00777372,903562.25741095,NaN
0.27660,2.58774,1667100.44560458,399160.62136904,987926.97081415,NaN
0.27660,2.71613,3324987.72949374,893724.51890508,1044575.65172248,NaN
0.27660,2.84452,6216321.51747590,1877551.83454419,1071911.88854889,NaN
0.27660,2.97290,12924405.60841508,3719686.04109060,1071007.20169426,NaN
0.27660,3.10129,32090866.25811065,14692811.74256837,1045012.27452751,NaN
0.27660,3.22968,80660997.41047597,45522370.52711535,998420.24824271,NaN
0.27660,3.35806,181969202.47760370,109796885.43047424,936338.49027013,NaN
0.27660,3.48645,359819686.94033480,219594787.32959145,863875.58233081,NaN
0.27660,3.61484,627350200.14278245,375071616.00178623,785695.94284257,NaN
0.27660,3.74323,975643286.76895976,560125170.69773471,705749.73920349,NaN
0.27660,3.87161,1371688692.47948384,746627291.25984323,627155.94432420,NaN
0.27660,4.00000,1775589393.98418307,906233005.13452375,552201.78656875,NaN
0.31489,0.02000,0.00030510,0.00030500,0.00050033,1.28030243e-01
0.31489,0.14839,0.00016205,0.00015915,0.00722367,1.48332917e-01
0.31489,0.27677,0.00012278,0.00010809,0.10967752,1.69081872e-01
0.31489,0.40516,0.00013525,0.00011674,1.42165775,1.90116390e-01
0.31489,0.53355,0.00066833,0.00061198,14.91182050,2.13137413e-01
0.31489,0.66194,0.00102468,0.00075263,126.55203072,2.40962069e-01
0.31489,0.79032,0.00495312,0.00322349,883.35568234,2.78700924e-01
0.31489,0.91871,0.02148731,0.01473267,5174.11304527,3.38796534e-01
0.31489,1.04710,0.18844612,0.06478888,25927.24401081,4.40391940e-01
0.31489,1.17548,2.21103261,1.95099067,113081.85831744,NaN
0.31489,1.30387,2.95848198,0.98199398,435771.97421014,NaN
0.31489,1.43226,7.23081081,3.36658478,1502999.88385637,NaN
0.31489,1.56065,70.39799318,50.01419447,4691411.53781991,NaN
0.31489,1.68903,259.54826896,227.29081930,13379297.63363316,NaN
0.31489,1.81742,312.46424402,99.29682286,35149984.11615383,NaN
0.31489,1.94581,469.28220519,236.11506101,85680945.73924966,NaN
0.31489,2.07419,1247.91887511,593.39083446,194993793.63497785,NaN
0.31489,2.20258,4748.94160765,3389.57674634,416593700.64710855,NaN
0.31489,2.33097,8820.12607400,5988.85500892,839571228.03488946,NaN
0.31489,2.45935,13277.58011735,7013.26648119,1602931993.46744895,NaN
0.31489,2.58774,25927.42414254,14584.24689855,2910331503.31293249,NaN
0.31489,2.71613,52518.85087252,29091.40400644,5042236529.30683804,NaN
0.31489,2.84452,114353.52246255,55772.45274316,8361643451.22480774,NaN
0.31489,2.97290,263128.89685524,189433.34951338,13309232964.86091232,NaN
0.31489,3.10129,448267.18010402,182683.52248391,20384528611.63967514,NaN
0.31489,3.22968,726256.55247327,311846.22628323,30111357932.92898178,NaN
0.31489,3.35806,1210568.68283446,510633.89983661,42988517825.58921051,NaN
0.31489,3.48645,2026313.02537914,799273.83545804,59429574456.24251556,NaN
0.31489,3.61484,3448624.26523024,1190349.01400630,79698547218.13923645,NaN
0.31489,3.74323,6260499.38297256,1676909.81370116,103850166550.98869324,NaN
0.31489,3.87161,12346108.98555886,2219323.27899709,131683928917.81712341,NaN
0.31489,4.00000,24136518.94733264,2740633.25319840,162720056647.53363037,NaN
0.35319,0.02000,0.00075741,0.00075720,0.00060097,1.26857082e-01
0.35319,0.14839,0.00044431,0.00043791,0.00018704,1.51981653e-01
0.35319,0.27677,0.00023255,0.00022088,0.00021744,2.06670283e-01
0.35319,0.40516,0.00011143,0.00009840,0.02635135,2.89390907e-01
0.35319,0.53355,0.00006745,0.00003782,0.00340085,4.02387264e-01
0.35319,0.66194,0.00002074,0.00001162,0.02168619,5.97527461e-01
0.35319,0.79032,0.00000923,0.00000354,0.14540814,9.93850676e-01
0.35319,0.91871,0.00000422,0.00000004,0.94350176,1.73876824e+00
0.35319,1.04710,0.00001325,0.00000133,5.69993064,2.95221743e+00
0.35319,1.17548,0.00014336,0.00005028,31.55069851,4.68618078e+00
0.35319,1.30387,0.00068201,0.00010663,159.27108525,6.88352074e+00
0.35319,1.43226,0.00691636,0.00340223,733.97031675,9.43139122e+00
0.35319,1.56065,0.01840655,0.00374828,3099.05967782,1.24525404e+01
0.35319,1.68903,0.16381692,0.04367843,12047.47722233,1.82932088e+01
0.35319,1.81742,1.09848109,0.38024988,43345.67989120,NaN
0.35319,1.94581,10.23985898,0.31090620,145089.05983027,NaN
0.35319,2.07419,112.73883390,45.58412965,454064.32663393,NaN
0.35319,2.20258,502.36114572,290.03745492,1334775.72370387,NaN
0.35319,2.33097,1006.67219137,411.63043917,3701414.68565734,NaN
0.35319,2.45935,3141.66750798,33.58834433,9720803.50548652,NaN
0.35319,2.58774,26642.05841406,10459.11099025,24264493.39568820,NaN
0.35319,2.71613,143269.15433413,85649.99114374,57756139.55683444,NaN
0.35319,2.84452,472275.74690070,326485.80411493,131486520.57689837,NaN
0.35319,2.97290,1048591.67496782,765392.90721152,287081597.34339821,NaN
0.35319,3.10129,1625943.38890512,1156585.73820408,602633203.71863973,NaN
0.35319,3.22968,1773835.58972760,1007601.07072945,1219030952.00325298,NaN
0.35319,3.35806,1589366.82919885,240787.11060045,2381211305.08412027,NaN
0.35319,3.48645,2521422.99239477,149694.67632590,4500240950.60048866,NaN
0.35319,3.61484,7047077.85848282,3270246.86986828,8243172479.51429081,NaN
0.35319,3.74323,16370118.42966376,10891928.26847165,14658168552.86380768,NaN
0.35319,3.87161,27655121.87985158,19683875.29256429,25342145164.59669876,NaN
0.35319,4.00000,35238317.68865933,21654535.42368867,42656776209.34783936,NaN
0.39149,0.02000,0.00147637,0.00147603,0.00094341,1.25824987e-01
0.39149,0.14839,0.00081600,0.00080655,0.00002695,1.31427870e-01
0.39149,0.27677,0.00049485,0.00045679,0.00000093,1.49274897e-01
0.39149,0.40516,0.00028884,0.00026450,0.00000007,1.92231541e-01
0.39149,0.53355,0.00019411,0.00015490,0.00000002,2.54242655e-01
0.39149,0.66194,0.00017114,0.00010148,0.00000003,3.28418863e-01
0.39149,0.79032,0.00008286,0.00005277,0.00000008,4.46974381e-01
0.39149,0.91871,0.00006289,0.00003001,0.00000039,7.02410293e-01
0.39149,1.04710,0.00006404,0.00001646,0.00000225,1.23873976e+00
0.39149,1.17548,0.00010622,0.00000857,0.00001386,2.22628670e+00
0.39149,1.30387,0.00022364,0.00000417,0.02209477,3.81867395e+00
0.39149,1.43226,0.00045440,0.00001485,0.67598556,6.06563868e+00
0.39149,1.56065,0.00090533,0.00000081,4.44684013,8.80457134e+00
0.39149,1.68903,0.00165313,0.00000038,9.92811620,1.17155954e+01
0.39149,1.81742,0.00317365,0.00000317,6.04554053,1.48880895e+01
0.39149,1.94581,0.00833971,0.00000395,0.30561574,2.01725250e+01
0.39149,2.07419,0.02562145,0.00000171,1.28489257,3.32534181e+01
0.39149,2.20258,0.07150734,0.00014529,5.07058264,6.67029978e+01
0.39149,2.33097,0.16986211,0.00317021,18.84466451,1.47886204e+02
0.39149,2.45935,0.34502899,0.01812074,66.17924803,3.53696174e+02
0.39149,2.58774,0.60004171,0.03142493,220.33707675,1.01872357e+03
0.39149,2.71613,1.01220359,0.00323720,697.67094438,NaN
0.39149,2.84452,2.36990040,0.12515464,2107.15620357,NaN
0.39149,2.97290,11.44506650,0.04604077,6087.33150729,NaN
0.39149,3.10129,115.09934401,5.97064070,16863.88557105,NaN
0.39149,3.22968,1036.64683596,204.22660845,44907.95887919,NaN
0.39149,3.35806,6408.92983114,1997.78093442,115207.59691586,NaN
0.39149,3.48645,28034.01494381,10971.07503892,285309.39497483,NaN
0.39149,3.61484,90380.91478494,39778.41659175,683355.20305608,NaN
0.39149,3.74323,219674.65919653,98781.11477108,1585730.60987725,NaN
0.39149,3.87161,411632.03386061,157783.74097270,3570800.35755356,NaN
0.39149,4.00000,669393.24739038,116416.13573231,7814556.99652911,NaN
0.42979,0.02000,0.00257423,0.00257374,0.00188149,1.20559257e-01
0.42979,0.14839,0.00180562,0.00177321,0.00009566,1.08759351e-01
0.42979,0.27677,0.00096514,0.00093119,0.00000293,1.09986440e-01
0.42979,0.40516,0.00074861,0.00069573,0.00000004,1.11640173e-01
0.42979,0.53355,0.00077575,0.00069848,0.00000000,1.17281296e-01
0.42979,0.66194,0.00059664,0.00047185,0.00000000,1.38046326e-01
0.42979,0.79032,0.00060327,0.00040306,0.00000000,1.79953396e-01
0.42979,0.91871,0.00099534,0.00061227,0.00000000,2.41988763e-01
0.42979,1.04710,0.00078503,0.00028093,0.00000000,3.23875028e-01
0.42979,1.17548,0.00081541,0.00021787,0.00000000,4.31500107e-01
0.42979,1.30387,0.00142794,0.00032229,0.00000000,5.81773421e-01
0.42979,1.43226,0.00190656,0.00071014,0.00000000,8.27675037e-01
0.42979,1.56065,0.00305968,0.00001219,0.00000000,1.31258819e+00
0.42979,1.68903,0.00939656,0.00122443,0.00000000,2.32930469e+00
0.42979,1.81742,0.02376292,0.00463801,0.00000000,4.33934319e+00
0.42979,1.94581,0.04385693,0.00655704,0.00000001,7.87772207e+00
0.42979,2.07419,0.06460674,0.00506022,0.00001111,1.32657863e+01
0.42979,2.20258,0.08391131,0.00226468,0.00229244,2.02295283e+01
0.42979,2.33097,0.10895047,0.00067597,0.10608585,2.78544021e+01
0.42979,2.45935,0.16179507,0.00089273,2.27035091,3.54778119e+01
0.42979,2.58774,0.29530053,0.00169554,29.03083615,4.58105926e+01
0.42979,2.71613,0.64787197,0.00184643,252.50552921,9.42454817e+01
0.42979,2.84452,1.52512784,0.00080063,1613.40918441,NaN
0.42979,2.97290,3.47005930,0.00121813,7959.66838951,NaN
0.42979,3.10129,7.24472376,0.00282897,31358.75873703,NaN
0.42979,3.22968,13.60849660,0.00507572,100968.61257212,NaN
0.42979,3.35806,22.88356326,0.00804638,269837.86719680,NaN
0.42979,3.48645,34.51292574,0.01208147,604161.75121823,NaN
0.42979,3.61484,47.08623655,0.01820755,1137448.53739254,NaN
0.42979,3.74323,59.61661293,0.02886008,1796540.08232679,NaN
0.42979,3.87161,75.21213921,0.04863783,2357425.64311810,NaN
0.42979,4.00000,108.59801057,0.08409319,2517548.31614874,NaN
0.46809,0.02000,0.00430059,0.00429997,0.00386212,1.20374434e-01
0.46809,0.14839,0.00270232,0.00267687,0.00111805,1.01677618e-01
0.46809,0.27677,0.00192854,0.00186591,0.00030563,9.33289259e-02
0.46809,0.40516,0.00162171,0.00148001,0.00008032,8.86160906e-02
0.46809,0.53355,0.00409226,0.00390074,0.00002093,8.44488507e-02
0.46809,0.66194,0.00187349,0.00122232,0.00000566,7.95390027e-02
0.46809,0.79032,0.00172095,0.00119006,0.00000169,7.45120045e-02
0.46809,0.91871,0.00256176,0.00117153,0.00000059,7.06014709e-02
0.46809,1.04710,0.00341509,0.00212935,0.00000026,6.79087791e-02
0.46809,1.17548,0.00278302,0.00099066,0.00000014,6.58543973e-02
0.46809,1.30387,0.00442614,0.00074223,0.00000010,6.45770884e-02
0.46809,1.43226,0.00845687,0.00447854,0.00000008,6.47756259e-02
0.46809,1.56065,0.01124191,0.00193529,0.00000060,6.77317286e-02
0.46809,1.68903,0.02666526,0.00157283,0.00000660,7.85489191e-02
0.46809,1.81742,0.08037655,0.02083685,0.00002418,1.13864447e-01
0.46809,1.94581,0.18620258,0.05236609,0.00006137,2.18310165e-01
0.46809,2.07419,0.33113603,0.07088041,0.00012723,4.96397875e-01
0.46809,2.20258,0.48869796,0.06715312,0.00023136,1.15931527e+00
0.46809,2.33097,0.63284378,0.05326686,0.00038341,2.56423220e+00
0.46809,2.45935,0.76722290,0.04083453,0.00059277,5.62224751e+00
0.46809,2.58774,0.96731542,0.03030614,0.00086827,4.95343820e+01
0.46809,2.71613,1.37684771,0.01606026,0.00121797,NaN
0.46809,2.84452,2.18240093,0.03226044,0.00164912,NaN
0.46809,2.97290,3.71810042,0.04301895,0.00216803,NaN
0.46809,3.10129,6.76729094,0.03760327,0.00278007,NaN
0.46809,3.22968,12.92337908,0.00460890,0.00348967,NaN
0.46809,3.35806,24.63591348,0.26387725,0.02565732,NaN
0.46809,3.48645,44.57179233,0.89950216,0.34968382,NaN
0.46809,3.61484,74.43778449,1.90215910,3.73932984,NaN
0.46809,3.74323,114.00443153,3.09681185,32.61053239,NaN
0.46809,3.87161,161.14498544,4.20651667,238.57279043,NaN
0.46809,4.00000,213.19161150,4.97719474,1495.87386575,NaN
0.50638,0.02000,0.00692937,0.00692862,0.00722800,1.20879474e-01
0.50638,0.14839,0.00600506,0.00596521,0.00906537,1.01809880e-01
0.50638,0.27677,0.00472079,0.00459070,0.01156676,9.11163131e-02
0.50638,0.40516,0.00370075,0.00346434,0.01493312,8.49131800e-02
0.50638,0.53355,0.00316377,0.00278154,0.01940611,8.10801388e-02
0.50638,0.66194,0.00332577,0.00240980,0.02526522,7.84293187e-02
0.50638,0.79032,0.00553425,0.00462293,0.03282034,7.63347353e-02
0.50638,0.91871,0.00392202,0.00239731,0.04239950,7.47738785e-02
0.50638,1.04710,0.00512617,0.00260870,0.05433251,7.38908369e-02
0.50638,1.17548,0.01020025,0.00410275,0.06893161,7.34594655e-02
0.50638,1.30387,0.01347229,0.00425062,0.08647133,7.34321331e-02
0.50638,1.43226,0.02428547,0.00532390,0.10716931,7.46374148e-02
0.50638,1.56065,0.07783574,0.04004964,0.13117041,7.83233971e-02
0.50638,1.68903,0.16346301,0.08059447,0.15853539,8.57851328e-02
0.50638,1.81742,0.24358112,0.06100127,0.18923524,9.83324849e-02
0.50638,1.94581,0.30570402,0.02904807,0.22315130,1.15620211e-01
0.50638,2.07419,0.35881662,0.04017827,0.26008083,1.34271511e-01
0.50638,2.20258,0.42879796,0.02466137,0.29974711,1.53918298e-01
0.50638,2.33097,0.58662735,0.11400455,0.34181266,2.00345441e-01
0.50638,2.45935,0.91730091,0.32596074,0.38589463,8.81037828e-01
0.50638,2.58774,1.48187838,0.59553514,0.43158066,NaN
0.50638,2.71613,2.32916144,0.94433783,0.47844441,NaN
0.50638,2.84452,3.66778603,1.41687478,0.52605974,NaN
0.50638,2.97290,6.18508074,2.04861410,0.57401300,NaN
0.50638,3.10129,11.25573128,2.76370431,0.62191305,NaN
0.50638,3.22968,20.72650476,3.00725865,0.66939901,NaN
0.50638,3.35806,36.17869790,2.97041346,0.71614556,NaN
0.50638,3.48645,58.65706234,5.49854065,0.76186632,NaN
0.50638,3.61484,89.47218027,8.79380754,0.80631521,NaN
0.50638,3.74323,131.53845318,12.79169767,0.84928638,NaN
0.50638,3.87161,190.49443229,17.35490096,0.89061290,NaN
0.50638,4.00000,275.39537016,22.28079468,0.93016452,NaN
0.54468,0.02000,0.01061842,0.01061747,0.01194053,1.22660125e-01
0.54468,0.14839,0.01461303,0.01454290,0.03767880,1.10474453e-01
0.54468,0.27677,0.01632588,0.01601307,0.10927211,1.02095395e-01
0.54468,0.40516,0.01475479,0.01408756,0.29134915,9.62488811e-02
0.54468,0.53355,0.01099144,0.00986343,0.71653282,9.23433640e-02
0.54468,0.66194,0.00763629,0.00605034,1.63321390,9.02955309e-02
0.54468,0.79032,0.00732523,0.00587707,3.46864454,8.99040627e-02
0.54468,0.91871,0.00879685,0.00611336,6.90160295,9.06736995e-02
0.54468,1.04710,0.01047612,0.00588056,12.93292496,9.21557616e-02
0.54468,1.17548,0.01432913,0.00011768,22.93737907,9.40586374e-02
0.54468,1.30387,0.03397477,0.01855951,38.67861872,9.63596000e-02
0.54468,1.43226,0.09615701,0.06940877,62.27155300,9.99347806e-02
0.54468,1.56065,0.21346281,0.14286530,96.08348706,1.07934508e-01
0.54468,1.68903,0.38019111,0.07645182,142.57555661,1.32671409e-01
0.54468,1.81742,0.62797624,0.19921399,204.09707905,2.29018609e-01
0.54468,1.94581,0.98182835,0.34274368,282.65498342,4.81364040e+00
0.54468,2.07419,1.49051723,0.41891402,379.68629849,NaN
0.54468,2.20258,2.40830103,0.27854073,495.86269648,NaN
0.54468,2.33097,4.35991100,1.09289646,630.95208793,NaN
0.54468,2.45935,8.12528017,4.02654202,783.75454201,NaN
0.54468,2.58774,14.47512353,8.96796089,952.11965575,NaN
0.54468,2.71613,24.38522985,16.83017417,1133.04220743,NaN
0.54468,2.84452,39.17821424,29.17699165,1322.82386654,NaN
0.54468,2.97290,60.98565927,48.34465330,1517.28231442,NaN
0.54468,3.10129,93.40153210,77.18249014,1711.98577593,NaN
0.54468,3.22968,140.49690810,118.16223850,1902.49093222,NaN
0.54468,3.35806,204.84966272,171.88899989,2084.56432116,NaN
0.54468,3.48645,286.47402733,235.63306178,2254.37182325,NaN
0.54468,3.61484,382.59242198,302.83206213,2408.62587097,NaN
0.54468,3.74323,488.38291983,364.09321908,2544.68538087,NaN
0.54468,3.87161,598.95089773,409.30825724,2660.60820619,NaN
0.54468,4.00000,712.31442427,429.86292089,2755.15984873,NaN
0.58298,0.02000,0.01532359,0.01532218,0.01761402,1.24765241e-01
0.58298,0.14839,0.03245262,0.03231318,0.08999853,1.24200511e-01
0.58298,0.27677,0.05848419,0.05770169,0.38469198,1.25459325e-01
0.58298,0.40516,0.09093249,0.08842348,1.41128715,1.28801196e-01
0.58298,0.53355,0.12448110,0.11672384,4.53975482,1.34859073e-01
0.58298,0.66194,0.21611990,0.20914978,13.03300891,1.43126641e-01
0.58298,0.79032,0.22211812,0.20933134,33.88437582,1.48695933e-01
0.58298,0.91871,0.27081931,0.24968653,80.75401666,1.49494724e-01
0.58298,1.04710,0.44449085,0.41418206,178.21219249,1.53230237e-01
0.58298,1.17548,0.88052358,0.81960817,367.29855755,2.69936348e-01
0.58298,1.30387,1.88346772,1.74424430,712.10622189,NaN
0.58298,1.43226,3.86515444,3.57113698,1306.74351259,NaN
0.58298,1.56065,7.03725031,6.47974708,2281.69012124,NaN
0.58298,1.68903,11.08159765,10.02321039,3808.33347757,NaN
0.58298,1.81742,15.09933798,12.84335154,6100.41987443,NaN
0.58298,1.94581,18.04897665,12.40159326,9411.32595076,NaN
0.58298,2.07419,20.24014643,6.90309808,14026.44624349,NaN
0.58298,2.20258,24.62163082,10.31943472,20250.55493350,NaN
0.58298,2.33097,33.91424222,15.49084613,28390.64839613,NaN
0.58298,2.45935,50.37289815,23.39926205,38735.40878186,NaN
0.58298,2.58774,77.96325193,35.34821514,51532.94435414,NaN
0.58298,2.71613,125.42069669,52.89302639,66968.78252913,NaN
0.58298,2.84452,217.63447717,77.68688639,85146.16661647,NaN
0.58298,2.97290,416.20480058,221.98666282,106070.53833857,NaN
0.58298,3.10129,775.88250740,597.02943631,129639.69677316,NaN
0.58298,3.22968,1292.73666836,1106.30231096,155640.57982578,NaN
0.58298,3.35806,1927.46749603,1727.37872055,183752.98725065,NaN
0.58298,3.48645,2615.89112620,2392.36105028,213559.93691398,NaN
0.58298,3.61484,3284.69187199,3008.00423147,244563.79010225,NaN
0.58298,3.74323,3880.41782257,3476.38919243,276206.84294594,NaN
0.58298,3.87161,4405.15999205,3715.23880319,307894.82931750,NaN
0.58298,4.00000,4941.28569607,3671.88839820,339021.63002813,NaN
0.62128,0.02000,0.02082787,0.02082577,0.02375122,1.26507183e-01
0.62128,0.14839,0.05873545,0.05847508,0.14487932,1.40478431e-01
0.62128,0.27677,0.14694552,0.14508018,0.70756356,1.69455633e-01
0.62128,0.40516,0.33298564,0.32532298,2.88632209,2.46978197e-01
0.62128,0.53355,0.69701304,0.67119634,10.14763075,7.32166534e-01
0.62128,0.66194,1.52186491,1.44831048,31.49005887,NaN
0.62128,0.79032,2.51671144,2.35630234,87.86347170,NaN
0.62128,0.91871,4.42933825,4.10621499,223.68246108,NaN
0.62128,1.04710,7.54321338,6.91013458,525.73393517,NaN
0.62128,1.17548,12.51200447,11.32137598,1151.84595067,NaN
0.62128,1.30387,20.35028927,18.17368070,2371.25951389,NaN
0.62128,1.43226,32.67853873,28.71035101,4617.61536282,NaN
0.62128,1.56065,52.47651151,44.74871381,8553.83102214,NaN
0.62128,1.68903,91.40024525,68.87505653,15146.03042148,NaN
0.62128,1.81742,215.34862278,187.11978924,25741.35809337,NaN
0.62128,1.94581,377.87758931,355.38376179,42142.31364696,NaN
0.62128,2.07419,492.63893733,451.99620196,66668.56446962,NaN
0.62128,2.20258,515.18043656,336.96370671,102196.38476224,NaN
0.62128,2.33097,635.59105618,482.15070972,152166.17256400,NaN
0.62128,2.45935,862.77293643,678.66260486,220550.01597538,NaN
0.62128,2.58774,1182.87894810,939.81088035,311773.93881491,NaN
0.62128,2.71613,1612.24735158,1280.88094840,430593.02329073,NaN
0.62128,2.84452,2177.96127952,1719.16707847,581921.71086740,NaN
0.62128,2.97290,2920.25562242,2274.00517662,770625.79087691,NaN
0.62128,3.10129,3911.23180899,2966.80629913,1001286.41428031,NaN
0.62128,3.22968,5342.27722637,3821.08220102,1277949.56360903,NaN
0.62128,3.35806,8013.05466394,4862.43990110,1603876.31469255,NaN
0.62128,3.48645,13427.53739344,9690.96132014,1981309.96661230,NaN
0.62128,3.61484,19897.01557952,17483.40744433,2411275.39673740,NaN
0.62128,3.74323,25190.92693155,23111.39801690,2893424.10974077,NaN
0.62128,3.87161,27742.12615116,24780.39302348,3425935.49618920,NaN
0.62128,4.00000,27372.03027010,17548.98432908,4005481.12070474,NaN
0.65957,0.02000,0.02684433,0.02684124,0.02997512,1.28326372e-01
0.65957,0.14839,0.08631427,0.08588265,0.17991152,1.58829864e-01
0.65957,0.27677,0.24945847,0.24590627,0.86478256,2.28437235e-01
0.65957,0.40516,0.74336934,0.73123383,3.48344400,5.09524571e-01
0.65957,0.53355,1.60543809,1.54468646,12.14730253,NaN
0.65957,0.66194,3.65077702,3.47160685,37.56589307,NaN
0.65957,0.79032,7.81772963,7.34335510,104.94139039,NaN
0.65957,0.91871,15.87253058,14.72201702,268.65158022,NaN
0.65957,1.04710,30.81133310,28.13708982,637.53546606,NaN
0.65957,1.17548,63.46406041,51.51917054,1415.57050338,NaN
0.65957,1.30387,109.30440796,90.75380549,2963.42509469,NaN
0.65957,1.43226,175.54502617,154.36366091,5886.53759075,NaN
0.65957,1.56065,290.49886279,254.32078848,11154.78315731,NaN
0.65957,1.68903,468.80289863,406.98310236,20257.27564707,NaN
0.65957,1.81742,737.70123984,634.14055900,35393.35210692,NaN
0.65957,1.94581,1135.26469959,964.14740186,59697.37631448,NaN
0.65957,2.07419,1721.12456223,1433.10749995,97490.89177176,NaN
0.65957,2.20258,2684.73237229,2086.07093991,154551.20104542,NaN
0.65957,2.33097,5021.78617857,4386.68864889,238381.09052574,NaN
0.65957,2.45935,6556.04913382,5759.54950833,358460.64714886,NaN
0.65957,2.58774,7472.15559505,5757.27602312,526459.40383966,NaN
0.65957,2.71613,9820.76846606,7813.81343004,756385.81012948,NaN
0.65957,2.84452,13075.46161993,10449.77926730,1064651.53886156,NaN
0.65957,2.97290,17286.65650312,13782.85154989,1470030.53645790,NaN
0.65957,3.10129,22625.67558997,17943.76193524,1993496.95429693,NaN
0.65957,3.22968,29322.63434337,23075.66546143,2657931.93977938,NaN
0.65957,3.35806,37697.06201873,29333.12852361,3487696.34187015,NaN
0.65957,3.48645,48314.44330095,36880.75031028,4508074.20457755,NaN
0.65957,3.61484,62786.89220653,45891.45310256,5744599.92013963,NaN
0.65957,3.74323,88082.44620532,56544.49361890,7222289.51050791,NaN
0.65957,3.87161,127067.93883285,106236.70131496,8964803.22437560,NaN
0.65957,4.00000,152471.31554891,136641.82824289,10993571.38189739,NaN
0.69787,0.02000,0.03311825,0.03311396,0.03607251,1.29846337e-01
0.69787,0.14839,0.10759825,0.10699679,0.18935429,1.78045296e-01
0.69787,0.27677,0.31583797,0.31090380,0.81855709,3.09383380e-01
0.69787,0.40516,0.84898332,0.82545575,3.02979814,1.94195644e+00
0.69787,0.53355,2.11334634,2.02752043,9.87472653,NaN
0.69787,0.66194,4.91965958,4.65320905,28.93579285,NaN
0.69787,0.79032,11.77229499,11.41253913,77.46067085,NaN
0.69787,0.91871,22.42339249,20.62247501,191.82458671,NaN
0.69787,1.04710,44.36447643,40.31812374,443.87195389,NaN
0.69787,1.17548,84.15919153,75.53102140,967.57038099,NaN
0.69787,1.30387,153.65796086,136.14176283,2000.32531240,NaN
0.69787,1.43226,271.61465986,236.93608893,3944.14497493,NaN
0.69787,1.56065,492.24314581,399.37256455,7452.48161029,NaN
0.69787,1.68903,801.57373012,653.73242771,13548.86360819,NaN
0.69787,1.81742,1235.79891473,1041.65862067,23783.23669039,NaN
0.69787,1.94581,1932.15286415,1619.07119322,40431.13634380,NaN
0.69787,2.07419,2961.34899824,2459.42442038,66739.34403147,NaN
0.69787,2.20258,4448.10574405,3657.24859192,107219.51630986,NaN
0.69787,2.33097,6561.91378156,5331.89789115,167988.46216046,NaN
0.69787,2.45935,9560.34059577,7631.40666455,257150.38914418,NaN
0.69787,2.58774,14195.77763039,10736.34072238,385212.71535440,NaN
0.69787,2.71613,23173.26948093,20038.67646736,565523.17564806,NaN
0.69787,2.84452,28091.27624585,20269.47742330,814712.19772240,NaN
0.69787,2.97290,35570.19909810,27253.53786764,1153121.16340957,NaN
0.69787,3.10129,46935.51992688,36160.36736422,1605194.47517948,NaN
0.69787,3.22968,61729.23802124,47381.90078211,2199811.56259423,NaN
0.69787,3.35806,80494.18451978,61358.53288504,2970534.28709226,NaN
0.69787,3.48645,104057.37258848,78579.49438066,3955745.77197718,NaN
0.69787,3.61484,133598.01323149,99582.35065749,5198658.55974789,NaN
0.69787,3.74323,171191.04921120,124951.58611770,6747173.16308899,NaN
0.69787,3.87161,222391.78852243,155316.25723711,8653572.48123473,NaN
0.69787,4.00000,309448.06914992,191346.72927268,10974042.59815108,NaN
0.73617,0.02000,0.03947034,0.03946479,0.04197837,1.30505189e-01
0.73617,0.14839,0.11937058,0.11866472,0.18051471,1.82825046e-01
0.73617,0.27677,0.32883792,0.32338401,0.66609822,3.16157327e-01
0.73617,0.40516,0.93118304,0.92086142,2.16985977,2.91820234e+00
0.73617,0.53355,1.98420425,1.89852001,6.37201319,NaN
0.73617,0.66194,4.43052676,4.17990535,17.13866804,NaN
0.73617,0.79032,9.38464572,8.72750542,42.74778997,NaN
0.73617,0.91871,18.96843155,17.38935306,99.85474463,NaN
0.73617,1.04710,37.15801729,33.23304181,220.19661096,NaN
0.73617,1.17548,68.61047303,61.17968392,461.41456650,NaN
0.73617,1.30387,123.71401697,108.88386921,923.81769300,NaN
0.73617,1.43226,216.28481904,187.92207123,1775.40304810,NaN
0.73617,1.56065,367.57873051,315.35739593,3287.95979100,NaN
0.73617,1.68903,608.96829665,515.75167302,5887.58444036,NaN
0.73617,1.81742,990.41917258,823.69598115,10223.37721797,NaN
0.73617,1.94581,1632.85462006,1427.13233658,17258.42782129,NaN
0.73617,2.07419,2418.78702368,1970.09076517,28387.38262564,NaN
0.73617,2.20258,3659.60930948,2959.19815990,45584.86550880,NaN
0.73617,2.33097,5453.49022837,4366.81193808,71588.75793071,NaN
0.73617,2.45935,7997.69670399,6337.97162962,110121.79662447,NaN
0.73617,2.58774,11555.61018988,9056.85093982,166154.09811137,NaN
0.73617,2.71613,16487.65832565,12754.11162403,246208.06271642,NaN
0.73617,2.84452,23414.51578634,17714.89229044,358705.65884144,NaN
0.73617,2.97290,34816.27287473,24287.34331655,514356.37132017,NaN
0.73617,3.10129,48856.21504291,41062.86795061,726582.16413815,NaN
0.73617,3.22968,60634.82978649,44029.00101546,1011973.72259799,NaN
0.73617,3.35806,79409.52654294,58291.54767472,1390770.08208331,NaN
0.73617,3.48645,104347.44713187,76371.16185474,1887351.60935877,NaN
0.73617,3.61484,136264.87857063,99068.81081964,2530734.27359636,NaN
0.73617,3.74323,176603.82380453,127303.14156976,3355051.32546998,NaN
0.73617,3.87161,227281.80846828,162118.47102470,4400007.00537301,NaN
0.73617,4.00000,291031.18840250,204691.92838621,5711285.66228476,NaN
0.77447,0.02000,0.04580152,0.04579461,0.04771110,1.31110317e-01
0.77447,0.14839,0.12268097,0.12191378,0.16296406,1.79132733e-01
0.77447,0.27677,0.30284933,0.29783459,0.49924115,2.94449002e-01
0.77447,0.40516,0.69927447,0.67824359,1.39609453,9.90320946e-01
0.77447,0.53355,1.61057624,1.45647549,3.61215897,NaN
0.77447,0.66194,3.23054805,2.97528749,8.73920372,NaN
0.77447,0.79032,6.27715534,5.82114262,19.93978205,NaN
0.77447,0.91871,11.97884798,10.96651255,43.20358086,NaN
0.77447,1.04710,22.15856894,19.97935269,89.40374001,NaN
0.77447,1.17548,40.20185400,35.32445893,177.54509831,NaN
0.77447,1.30387,81.76856418,77.16067437,339.73396277,NaN
0.77447,1.43226,118.72900716,102.06308538,628.56495904,NaN
0.77447,1.56065,196.20771419,167.54521960,1127.81476216,NaN
0.77447,1.68903,319.11010021,269.38964558,1967.55326107,NaN
0.77447,1.81742,509.43398294,424.89884208,3345.02623850,NaN
0.77447,1.94581,798.88536652,658.31209546,5552.92408136,NaN
0.77447,2.07419,1232.03377007,1003.08095140,9016.92031967,NaN
0.77447,2.20258,1873.71520457,1538.16074135,14344.63176016,NaN
0.77447,2.33097,2797.20069805,2224.34492820,22388.40654974,NaN
0.77447,2.45935,4123.84711366,3242.96256204,34324.57400063,NaN
0.77447,2.58774,6000.89380894,4666.68675687,51751.97561040,NaN
0.77447,2.71613,8625.06136548,6632.92300844,76812.72498684,NaN
0.77447,2.84452,12255.27585607,9317.66824688,112338.19993337,NaN
0.77447,2.97290,17237.99123546,12944.01409583,162023.23805420,NaN
0.77447,3.10129,24089.32254800,17791.94820997,230631.37459108,NaN
0.77447,3.22968,34089.99276103,24209.53361538,324233.71658743,NaN
0.77447,3.35806,49484.93935624,40478.40476710,450483.68241759,NaN
0.77447,3.48645,62652.46086544,43563.49853148,618929.34506607,NaN
0.77447,3.61484,81569.87832689,57657.41617830,841364.49994442,NaN
0.77447,3.74323,107292.78526629,75668.78365014,1132218.83629329,NaN
0.77447,3.87161,140609.51263714,98505.20050704,1508986.73621451,NaN
0.77447,4.00000,183160.36726700,127240.33666840,1992693.23673298,NaN
0.81277,0.02000,0.05207297,0.05206491,0.05332709,1.30323032e-01
0.81277,0.14839,0.24685445,0.24605712,0.14346178,1.62112088e-01
0.81277,0.27677,0.26425481,0.25546775,0.36064740,3.72227354e-01
0.81277,0.40516,0.53647904,0.51649879,0.85463750,1.20414138e+00
0.81277,0.53355,1.07881759,0.99765432,1.92270419,NaN
0.81277,0.66194,5.85119480,5.50443053,4.13057149,NaN
0.81277,0.79032,14.70403017,14.39781504,8.51511504,NaN
0.81277,0.91871,11.06895528,7.39980280,16.91369805,NaN
0.81277,1.04710,11.93013457,9.99691044,32.48443827,NaN
0.81277,1.17548,19.86600667,16.71848311,60.50740378,NaN
0.81277,1.30387,34.85708626,27.42009475,109.59004272,NaN
0.81277,1.43226,102.46435102,81.20901953,193.44248043,NaN
0.81277,1.56065,211.62530361,200.15991955,333.44113859,NaN
0.81277,1.68903,201.75423454,109.39183663,562.26392265,NaN
0.81277,1.81742,225.71744583,168.46476029,928.95841116,NaN
0.81277,1.94581,332.13446854,256.05630281,1505.89737112,NaN
0.81277,2.07419,500.53754203,384.40947215,2398.18463169,NaN
0.81277,2.20258,760.43253852,570.39215864,3756.19971956,NaN
0.81277,2.33097,1222.19131451,837.00705566,5792.11218738,NaN
0.81277,2.45935,2320.50159455,1923.58934553,8801.35631300,NaN
0.81277,2.58774,3000.11261078,2281.16536840,13190.23336656,NaN
0.81277,2.71613,3602.14735827,2486.70291940,19511.00090818,NaN
0.81277,2.84452,4938.71712018,3507.17444088,28506.01492360,NaN
0.81277,2.97290,6896.03620704,4902.48555191,41162.70867311,NaN
0.81277,3.10129,9614.49907850,6794.33844074,58781.41884082,NaN
0.81277,3.22968,13329.07897509,9338.70032735,83058.30110980,NaN
0.81277,3.35806,18355.03321340,12733.91566032,116185.80910548,NaN
0.81277,3.48645,25107.19478189,17230.34568524,160973.43748855,NaN
0.81277,3.61484,34148.54276778,23141.73580870,220991.64592982,NaN
0.81277,3.74323,45951.32834889,30858.52218135,300742.07926711,NaN
0.81277,3.87161,61378.15932103,40863.29590099,405857.37383420,NaN
0.81277,4.00000,81554.33890428,53748.64873014,543333.97922949,NaN
0.85106,0.02000,0.05828783,0.05827817,0.05889663,1.27854735e-01
0.85106,0.14839,0.27303562,0.27019395,0.12557721,1.85842842e-01
0.85106,0.27677,0.95322026,0.94828274,0.25898273,9.36572387e+00
0.85106,0.40516,0.42264198,0.37587516,0.51795759,2.77800412e+00
0.85106,0.53355,0.81026477,0.64681670,1.00690567,1.45989601e+01
0.85106,0.66194,10.95611026,10.04774905,1.90659647,NaN
0.85106,0.79032,44.06210240,42.53510594,3.52303307,NaN
0.85106,0.91871,86.54842110,84.47510784,6.36347129,NaN
0.85106,1.04710,100.90332664,97.22706190,11.25254856,NaN
0.85106,1.17548,62.26691468,50.29061616,19.50671024,NaN
0.85106,1.30387,30.17657692,11.03815932,33.19209287,NaN
0.85106,1.43226,81.18096205,16.91275615,55.50019417,NaN
0.85106,1.56065,385.22445782,303.81518536,91.28757569,NaN
0.85106,1.68903,983.19856631,885.05638790,147.84114531,NaN
0.85106,1.81742,1676.77847120,1570.06722467,235.94999812,NaN
0.85106,1.94581,2099.84553746,1972.07914308,371.38921005,NaN
0.85106,2.07419,1940.63105677,1720.07755857,576.95134807,NaN
0.85106,2.20258,1284.09341703,755.06576834,885.19887333,NaN
0.85106,2.33097,880.67805802,263.92038920,1342.15627527,NaN
0.85106,2.45935,1136.16148173,379.27754681,2012.21600985,NaN
0.85106,2.58774,2433.26922948,541.34031028,2984.59855849,NaN
0.85106,2.71613,5612.89186599,3906.82648848,4381.78571013,NaN
0.85106,2.84452,9739.14814155,8185.55998075,6370.43912026,NaN
0.85106,2.97290,12901.15688042,11318.82683030,9175.42500579,NaN
0.85106,3.10129,13384.83112056,10913.34993712,13097.69222808,NaN
0.85106,3.22968,11407.13643564,4645.58582221,18536.89674564,NaN
0.85106,3.35806,10402.53949473,3993.06440306,26019.83221300,NaN
0.85106,3.48645,11930.08093791,5451.84662219,36235.91603382,NaN
0.85106,3.61484,15435.76581695,7399.85606043,50081.19401243,NaN
0.85106,3.74323,21661.38433091,9986.02513503,68712.56630664,NaN
0.85106,3.87161,33924.09850562,13399.82249501,93614.20389250,NaN
0.85106,4.00000,54647.84571603,33689.55030507,126678.41903046,NaN
0.88936,0.02000,0.06446345,0.06445247,0.06447282,1.30354393e-01
0.88936,0.14839,0.25684956,0.25438662,0.11049075,2.41679147e-01
0.88936,0.27677,0.50963994,0.49944648,0.18814313,7.53716309e-01
0.88936,0.40516,0.31750253,0.26921666,0.31802636,6.22715001e-01
0.88936,0.53355,6.06212900,5.46215164,0.53328365,NaN
0.88936,0.66194,41.57902806,39.97529838,0.88668389,NaN
0.88936,0.79032,116.35671765,113.38910902,1.46136456,NaN
0.88936,0.91871,193.79386716,188.92591290,2.38696230,NaN
0.88936,1.04710,198.31536178,186.98117501,3.86358337,NaN
0.88936,1.17548,107.59516385,72.93139575,6.19706890,NaN
0.88936,1.30387,88.98842467,4.19964856,9.85037572,NaN
0.88936,1.43226,542.00425770,359.56026793,15.51773733,NaN
0.88936,1.56065,2003.92769950,1694.95181758,24.23073741,NaN
0.88936,1.68903,4756.08866697,4314.32901138,37.50870174,NaN
0.88936,1.81742,8453.33466292,7900.29487682,57.57012384,NaN
0.88936,1.94581,11984.49189820,11322.27961074,87.62746484,NaN
0.88936,2.07419,13824.11182726,12943.17642765,132.29495826,NaN
0.88936,2.20258,12877.47240142,11454.77878943,198.14842662,NaN
0.88936,2.33097,9501.98882631,6949.10956518,294.48809143,NaN
0.88936,2.45935,6162.00323139,1667.49638539,434.37054558,NaN
0.88936,2.58774,6976.72847309,148.39412572,635.99519126,NaN
0.88936,2.71613,16417.31804849,6587.69821998,924.55439641,NaN
0.88936,2.84452,37685.71030484,25303.17907672,1334.68641281,NaN
0.88936,2.97290,70102.46054871,55808.23921152,1913.70692644,NaN
0.88936,3.10129,108307.21267037,92845.63206949,2725.84036862,NaN
0.88936,3.22968,143184.41687955,126705.75351445,3857.72741213,NaN
0.88936,3.35806,164667.69163986,145975.43877424,5425.55225695,NaN
0.88936,3.48645,165745.77455377,141815.47691035,7584.21448039,NaN
0.88936,3.61484,146283.85367485,112328.96840812,10539.06777377,NaN
0.88936,3.74323,115082.88632851,65198.12435365,14560.86450345,NaN
0.88936,3.87161,88608.83045410,16657.12094310,20004.68371372,NaN
0.88936,4.00000,84221.65037839,4999.23890925,27333.78441361,NaN
0.92766,0.02000,0.07062733,0.07061596,0.07011057,1.28169362e-01
0.92766,0.14839,0.11399387,0.11195423,0.09847011,1.50049921e-01
0.92766,0.27677,0.14836302,0.14106811,0.14010745,1.82862348e-01
0.92766,0.40516,1.28261928,1.09769536,0.20147997,NaN
0.92766,0.53355,14.53414672,14.00981451,0.29221495,NaN
0.92766,0.66194,41.88241226,40.75796765,0.42664124,NaN
0.92766,0.79032,56.63848672,53.90686069,0.62603760,NaN
0.92766,0.91871,30.73415428,20.09352298,0.92191795,NaN
0.92766,1.04710,51.20997081,13.21042165,1.36080838,NaN
0.92766,1.17548,476.14321741,372.42591444,2.01115866,NaN
0.92766,1.30387,1978.34032029,1750.87029754,2.97329045,NaN
0.92766,1.43226,5288.89660275,4880.82068045,4.39364119,NaN
0.92766,1.56065,10644.44356978,10019.04942270,6.48505031,NaN
0.92766,1.68903,17180.97174147,16305.74944246,9.55549534,NaN
0.92766,1.81742,22759.04750384,21510.32186969,14.04857849,NaN
0.92766,1.94581,24689.56037792,22659.73706563,20.60026011,NaN
0.92766,2.07419,21484.83489112,17735.57860626,30.11793043,NaN
0.92766,2.20258,15171.15766749,8046.05273262,43.89002392,NaN
0.92766,2.33097,13114.13345751,270.58856511,63.73716405,NaN
0.92766,2.45935,28067.57753335,6882.07494678,92.21947260,NaN
0.92766,2.58774,75719.91582035,43876.23115576,132.91942783,NaN
0.92766,2.71613,169463.65735765,125692.70120276,190.82580941,NaN
0.92766,2.84452,313860.48297374,258374.27025324,272.85219847,NaN
0.92766,2.97290,499093.53537092,433257.38338745,388.53366692,NaN
0.92766,3.10129,699024.40126305,624006.97187019,550.95825438,NaN
0.92766,3.22968,874894.70127966,789372.71500493,778.00628135,NaN
0.92766,3.35806,985085.23088205,882538.23619079,1093.99131738,NaN
0.92766,3.48645,999188.08363476,865714.62747929,1531.82271975,NaN
0.92766,3.61484,912643.26053634,726368.94470720,2135.84229319,NaN
0.92766,3.74323,757090.77046120,489982.42356510,2965.52824012,NaN
0.92766,3.87161,601891.40976187,224169.60144081,4100.30989139,NaN
0.92766,4.00000,543886.72495187,30604.38404885,5645.79882040,NaN
0.96596,0.02000,0.07680872,0.07679580,0.07583742,1.30804246e-01
0.96596,0.14839,0.14552596,0.14365734,0.08912254,1.94445792e-01
0.96596,0.27677,0.12200276,0.11657172,0.10746027,2.27418601e-01
0.96596,0.40516,0.25398296,0.14165073,0.13263404,3.65338152e-01
0.96596,0.53355,0.97828212,0.92012557,0.16718867,9.32180533e+00
0.96596,0.66194,0.82012101,0.20837557,0.21474733,9.63848193e-01
0.96596,0.79032,31.37814388,25.71792255,0.28046779,NaN
0.96596,0.91871,227.54063048,205.01319630,0.37169677,NaN
0.96596,1.04710,845.37321224,783.68396511,0.49890670,NaN
0.96596,1.17548,2129.51620099,1999.21349825,0.67703398,NaN
0.96596,1.30387,4003.34444146,3769.01921241,0.92738674,NaN
0.96596,1.43226,5781.12269521,5374.50581335,1.28035858,NaN
0.96596,1.56065,6318.32768295,5542.97184514,1.77927897,NaN
0.96596,1.68903,5040.61482648,3379.33733086,2.48586168,NaN
0.96596,1.81742,3971.54198594,317.66018936,3.48789186,NaN
0.96596,1.94581,10235.24551603,2650.05433633,4.91003784,NaN
0.96596,2.07419,37827.62181295,23465.89807048,6.92900763,NaN
0.96596,2.20258,107018.23664078,82380.39284394,9.79472319,NaN
0.96596,2.33097,240114.36015796,201635.33004010,13.85979607,NaN
0.96596,2.45935,453468.13317405,398211.01885881,19.62040881,NaN
0.96596,2.58774,747386.28687689,673338.94365844,27.77280248,NaN
0.96596,2.71613,1097425.04208599,1002717.46119797,39.29102951,NaN
0.96596,2.84452,1451603.43776142,1332030.81733169,55.53356250,NaN
0.96596,2.97290,1737656.69768878,1582297.38984889,78.38889539,NaN
0.96596,3.10129,1882263.16059483,1667696.24039008,110.47361405,NaN
0.96596,3.22968,1840499.56425656,1524978.76340563,155.40077699,NaN
0.96596,3.35806,1629515.35090807,1149144.84663966,218.14212096,NaN
0.96596,3.48645,1356888.46223396,626031.78386779,305.51495261,NaN
0.96596,3.61484,1232682.94869549,150278.63656497,426.83405689,NaN
0.96596,3.74323,1555878.95082229,17960.66637330,594.78110637,NaN
0.96596,3.87161,2671067.99681391,587520.53034915,826.55958657,NaN
0.96596,4.00000,4898321.55001252,2209916.72243084,1145.42303110,NaN
1.00426,0.02000,0.08303063,0.08301528,0.10814136,1.26698934e-01
1.00426,0.14839,0.09117566,0.09034196,0.22825785,1.39759739e-01
1.00426,0.27677,0.10470327,0.09790933,0.08524793,2.15484343e-01
1.00426,0.40516,0.75339561,0.73380922,0.09136684,1.14371205e+00
1.00426,0.53355,0.43969417,0.12633061,0.10088511,9.12057014e-01
1.00426,0.66194,1.77152728,0.72638843,0.11454694,NaN
1.00426,0.79032,17.17586150,14.40144124,0.13347232,NaN
1.00426,0.91871,47.85712066,42.14024719,0.15927811,NaN
1.00426,1.04710,56.53727086,42.48589741,0.19425726,NaN
1.00426,1.17548,55.07393263,0.20464160,0.24163783,NaN
1.00426,1.30387,489.72319014,270.82588109,0.30595291,NaN
1.00426,1.43226,3027.78427015,2320.47661105,0.39356635,NaN
1.00426,1.56065,11539.32643721,9674.32589984,0.51341762,NaN
1.00426,1.68903,32660.72359106,28510.11838455,0.67807521,NaN
1.00426,1.81742,75023.70057611,66985.30209183,0.90522405,NaN
1.00426,1.94581,146389.18031673,132483.97340569,1.21976225,NaN
1.00426,2.07419,248734.28856135,226683.59797533,1.65675195,NaN
1.00426,2.20258,372743.88448623,339677.97248873,2.26556385,NaN
1.00426,2.33097,494727.99754527,445982.89558383,3.11568627,NaN
1.00426,2.45935,580005.10886921,506422.84583734,4.30484811,NaN
1.00426,2.58774,596477.20543849,479865.99178754,5.97034895,NaN
1.00426,2.71613,539958.42908412,346949.57358714,8.30482020,NaN
1.00426,2.84452,468857.44497558,144232.78032654,11.57808817,NaN
1.00426,2.97290,540839.50782123,2253.15856786,16.16741169,NaN
1.00426,3.10129,1039570.48534240,176066.91451430,22.59917355,NaN
1.00426,3.22968,2377343.21251865,1053779.66675439,31.60618214,NaN
1.00426,3.35806,5060837.57831081,3129041.55582725,44.20617178,NaN
1.00426,3.48645,9613464.19416586,6928592.29240991,61.80898748,NaN
1.00426,3.61484,16458102.46354807,12895692.53291069,86.36244104,NaN
1.00426,3.74323,25776886.00426995,21243254.81223935,120.55011268,NaN
1.00426,3.87161,37377077.30913489,31804002.93640948,168.05867138,NaN
1.00426,4.00000,50600402.85137737,43915456.73405031,233.93789407,NaN
1.04255,0.02000,0.08930543,0.08929243,0.08765574,1.29573351e-01
1.04255,0.14839,0.08715782,0.08639735,0.07688731,1.55070452e-01
1.04255,0.27677,0.16178768,0.15551469,5.33017593,1.83155829e-01
1.04255,0.40516,0.11477171,0.08181766,25.27626019,1.70074984e-01
1.04255,0.53355,0.10615471,0.08056628,71.48852288,2.19049674e-01
1.04255,0.66194,0.80387234,0.70339095,151.88960565,1.64326771e+00
1.04255,0.79032,1.19884757,0.34818195,264.81770357,NaN
1.04255,0.91871,10.40344330,3.89508532,395.87682171,NaN
1.04255,1.04710,108.38269993,77.64263354,519.85712359,NaN
1.04255,1.17548,525.55663269,425.51986141,607.75542440,NaN
1.04255,1.30387,1628.39609151,1379.36530791,636.46593350,NaN
1.04255,1.43226,3664.48545857,3151.56339447,597.23934789,NaN
1.04255,1.56065,6276.37192616,5325.99849677,499.28175412,NaN
1.04255,1.68903,8214.43418896,6443.49861750,366.81478623,NaN
1.04255,1.81742,8275.73593058,4608.08210137,230.68258067,NaN
1.04255,1.94581,8977.79822126,543.43146955,117.91754899,NaN
1.04255,2.07419,24409.10142797,4557.37969177,43.50489512,NaN
1.04255,2.20258,92682.09048140,48018.34782908,7.51422790,NaN
1.04255,2.33097,291306.84577707,198023.54337529,0.72604338,NaN
1.04255,2.45935,750954.15222169,571182.21524460,0.97633014,NaN
1.04255,2.58774,1660350.34580004,1339610.28440622,1.32315377,NaN
1.04255,2.71613,3253730.84523581,2720534.49058358,1.80509503,NaN
1.04255,2.84452,5773713.70308170,4941677.83314348,2.47633501,NaN
1.04255,2.97290,9407538.21979875,8178878.63701734,3.41291649,NaN
1.04255,3.10129,14203317.29182618,12470416.06515766,4.72146857,NaN
1.04255,3.22968,19983985.16054589,17623329.06012716,6.55133323,NaN
1.04255,3.35806,26287416.30378308,23138382.11569319,9.11137725,NaN
1.04255,3.48645,32368290.37600214,28188976.91804544,12.69323600,NaN
1.04255,3.61484,37297081.77806230,31691554.28041644,17.70335892,NaN
1.04255,3.74323,40181354.42586638,32497756.63671528,24.70706034,NaN
1.04255,3.87161,40513409.45647468,29720173.50327048,34.48889044,NaN
1.04255,4.00000,38618081.53167029,23174755.42747919,48.13511887,NaN
1.08085,0.02000,0.09565396,0.09563975,0.09376339,1.28965683e-01
1.08085,0.14839,0.10036099,0.08337837,0.07319536,1.87062461e-01
1.08085,0.27677,0.11294259,0.09021012,0.05921708,2.57120963e-01
1.08085,0.40516,0.07543940,0.06497179,12.48877238,2.88891555e-01
1.08085,0.53355,0.39436108,0.34591100,118.33130618,5.29691038e-01
1.08085,0.66194,1.00938183,0.96329022,565.42660749,NaN
1.08085,0.79032,0.52467347,0.38317904,1902.99572939,5.90343996e-01
1.08085,0.91871,0.17424930,0.04639351,5105.80894653,3.34501644e-01
1.08085,1.04710,0.69376769,0.04461881,11623.40888207,1.15989114e+00
1.08085,1.17548,15.65795486,4.57002619,23287.58361420,NaN
1.08085,1.30387,198.15596539,116.84099467,42038.58825737,NaN
1.08085,1.43226,1266.16571830,894.10890736,69482.88456058,NaN
1.08085,1.56065,5392.92380030,4123.84681298,106358.36094138,NaN
1.08085,1.68903,17501.94246570,13987.26825986,152036.08570468,NaN
1.08085,1.81742,46428.74750020,38133.77434569,204209.82427444,NaN
1.08085,1.94581,104835.10137867,87618.27592179,258902.84073293,NaN
1.08085,2.07419,206449.56728384,174269.62568077,310856.16844642,NaN
1.08085,2.20258,359677.26556729,304341.74018666,354268.24576799,NaN
1.08085,2.33097,558350.90991375,468731.50557146,383757.99463212,NaN
1.08085,2.45935,773557.48545546,632870.54940261,395350.82118131,NaN
1.08085,2.58774,954670.76841773,733352.83835144,387262.84466452,NaN
1.08085,2.71613,1051830.09084629,692515.92619728,360293.10260129,NaN
1.08085,2.84452,1074364.31475164,464961.14317584,317720.03870170,NaN
1.08085,2.97290,1198002.47945391,129394.87967539,264715.42875035,NaN
1.08085,3.10129,1926373.26823316,33338.55899605,207404.92328711,NaN
1.08085,3.22968,4298535.80362609,986126.38758504,151788.10699479,NaN
1.08085,3.35806,10115062.10016301,4477607.84354139,102759.68790232,NaN
1.08085,3.48645,22133561.38555831,12878480.81809570,63439.80449988,NaN
1.08085,3.61484,44165563.89702950,29557643.74750862,34935.62163489,NaN
1.08085,3.74323,80996756.67026825,58838401.50489925,16542.98164460,NaN
1.08085,3.87161,138058226.78082284,105715448.18938600,6287.72141005,NaN
1.08085,4.00000,220802585.69210729,175273987.53142530,1631.11939928,NaN
1.11915,0.02000,0.10207897,0.10206475,0.10000584,1.26232851e-01
1.11915,0.14839,0.08188110,0.08120893,0.07072208,1.40465917e-01
1.11915,0.27677,0.06829337,0.06530015,0.05170943,1.89425416e-01
1.11915,0.40516,0.28214102,0.27133015,0.03917125,3.75717240e-01
1.11915,0.53355,0.35521234,0.32371515,13.04312220,6.10084812e-01
1.11915,0.66194,0.12950406,0.03683279,214.35762521,6.51123314e-01
1.11915,0.79032,1.19249547,0.89937019,1480.04387173,NaN
1.11915,0.91871,4.05741962,3.61076449,6722.09759554,NaN
1.11915,1.04710,5.34720148,4.24631686,23485.60043120,NaN
1.11915,1.17548,4.51477797,0.88428303,68164.32387235,NaN
1.11915,1.30387,10.29054520,1.46996808,171841.37611995,NaN
1.11915,1.43226,27.25784644,9.43914336,387183.21964703,NaN
1.11915,1.56065,63.08447167,1.67497916,795107.09188774,NaN
1.11915,1.68903,423.83389576,94.59899035,1509287.54991078,NaN
1.11915,1.81742,3011.15984890,1476.57635726,2676197.24949789,NaN
1.11915,1.94581,14929.03253881,9222.41055191,4468503.04371300,NaN
1.11915,2.07419,56186.94052265,38580.44462508,7070386.90712060,NaN
1.11915,2.20258,173199.32042234,126334.89040760,10654713.98418363,NaN
1.11915,2.33097,458603.19447108,347898.81707500,15353740.61576021,NaN
1.11915,2.45935,1075275.00711271,838483.63684307,21226907.50954812,NaN
1.11915,2.58774,2278395.42206574,1812973.50102382,28230774.68871237,NaN
1.11915,2.71613,4424772.95320221,3574584.47982232,36196910.50820849,NaN
1.11915,2.84452,7955019.30217541,6498368.63934217,44823243.40722738,NaN
1.11915,2.97290,13333909.87595567,10974226.51460259,53682917.80819455,NaN
1.11915,3.10129,20939970.71729079,17297815.12490631,62252207.26859567,NaN
1.11915,3.22968,30909142.35123392,25508857.46099288,69955911.43352111,NaN
1.11915,3.35806,42960014.37204765,35196085.44506902,76225458.02912526,NaN
1.11915,3.48645,56258035.39605466,45315646.37249327,80562274.61405277,NaN
1.11915,3.61484,69408780.25319192,54101862.67242193,82597451.58514334,NaN
1.11915,3.74323,80698406.38821767,59179484.07695919,82138665.05884428,NaN
1.11915,3.87161,88713021.07541993,58006049.55077103,79196866.18619171,NaN
1.11915,4.00000,93457521.63417140,48771584.99436972,73988158.25293778,NaN
1.15745,0.02000,0.10858468,0.10857064,0.10637877,1.27208360e-01
1.15745,0.14839,0.08036641,0.07980169,0.06924521,1.37404443e-01
1.15745,0.27677,0.06152572,0.05936984,0.04642791,1.47520377e-01
1.15745,0.40516,0.04834757,0.04477258,0.03215664,1.67580626e-01
1.15745,0.53355,0.04650262,0.03428066,0.02306767,2.44645145e-01
1.15745,0.66194,0.33321399,0.30270620,7.64409530,5.47426919e-01
1.15745,0.79032,0.42437518,0.32351469,215.72227149,1.01153556e+00
1.15745,0.91871,0.41202063,0.01715362,2039.29350943,1.63981381e+00
1.15745,1.04710,3.11965424,2.06420454,11776.74716896,NaN
1.15745,1.17548,10.49895166,8.27701953,50399.88800743,NaN
1.15745,1.30387,18.50402915,10.75650493,175218.56529611,NaN
1.15745,1.43226,36.95188193,1.16108285,521412.47009245,NaN
1.15745,1.56065,166.40733250,29.26880153,1372835.74813125,NaN
1.15745,1.68903,719.09102847,306.59918495,3271022.41273455,NaN
1.15745,1.81742,2263.73640470,1248.50646012,7167931.14370821,NaN
1.15745,1.94581,5385.04963202,3232.34188968,14621015.86300478,NaN
1.15745,2.07419,10092.50385957,5890.77206842,28018749.07399798,NaN
1.15745,2.20258,15546.78045688,7261.62704694,50811761.43255594,NaN
1.15745,2.33097,22508.06899452,4456.88819825,87711297.91478767,NaN
1.15745,2.45935,43937.77391251,0.61535064,144805543.47642565,NaN
1.15745,2.58774,133413.83792572,21633.06241083,229538725.70470262,NaN
1.15745,2.71613,445717.11637388,167660.63697929,350500686.28165835,NaN
1.15745,2.84452,1347568.31872969,693596.40079939,516987789.24718684,NaN
1.15745,2.97290,3596729.02776612,2156878.82722093,738319964.27149713,NaN
1.15745,3.10129,8601787.64992468,5632350.44242721,1022931720.44311333,NaN
1.15745,3.22968,18760448.19410416,12999408.38051464,1377293392.75429058,NaN
1.15745,3.35806,37849752.39127266,27280620.82024912,1804757259.05209422,NaN
1.15745,3.48645,71408404.49351802,52981270.15306285,2304455065.96639919,NaN
1.15745,3.61484,127013441.80484478,96342626.96665645,2870392551.56369114,NaN
1.15745,3.74323,214318830.34263188,165385101.75944880,3490887572.82079887,NaN
1.15745,3.87161,344703438.65618896,269590508.95820832,4148478527.20637131,NaN
1.15745,4.00000,530383805.08535171,419068006.16380876,4820389009.13030624,NaN
1.19574,0.02000,0.11517240,0.11515709,0.11287472,1.30596397e-01
1.19574,0.14839,0.15022259,0.14984690,0.06859349,1.74352680e-01
1.19574,0.27677,0.05672965,0.05497597,0.04274219,1.86872286e-01
1.19574,0.40516,0.04157387,0.03875453,0.02740247,1.91664692e-01
1.19574,0.53355,0.04514600,0.02774054,0.01813496,1.99806480e-01
1.19574,0.66194,0.03484262,0.02019566,0.01242750,2.07111976e-01
1.19574,0.79032,0.03087514,0.01498009,2.67071677,2.57857608e-01
1.19574,0.91871,0.18214891,0.13833343,139.86677002,4.53766892e-01
1.19574,1.04710,0.29343357,0.13466339,1785.27989067,8.72054652e-01
1.19574,1.17548,0.79692451,0.07903959,12774.29207298,5.55873959e+00
1.19574,1.30387,5.04285908,2.92818145,65040.39690286,NaN
1.19574,1.43226,16.66758987,10.54205434,262722.61220347,NaN
1.19574,1.56065,39.87979971,11.49104478,894489.58351758,NaN
1.19574,1.68903,148.52148031,0.31195011,2665870.37845364,NaN
1.19574,1.81742,802.90858455,160.13801613,7134398.87855706,NaN
1.19574,1.94581,3723.97816366,1457.27340075,17458527.59471567,NaN
1.19574,2.07419,13670.24953611,6945.72803745,39593980.75332595,NaN
1.19574,2.20258,41233.15652804,23906.55114950,84079574.48172615,NaN
1.19574,2.33097,106112.66215407,66384.41546191,168538399.93492624,NaN
1.19574,2.45935,239257.75366681,156669.04820077,320970175.18050110,NaN
1.19574,2.58774,481104.72278346,323007.20593365,583820113.08232617,NaN
1.19574,2.71613,872803.21552677,589971.28857227,1018677974.08910012,NaN
1.19574,2.84452,1439294.11229344,958662.62772605,1711294870.57141280,NaN
1.19574,2.97290,2169428.68800886,1378031.85439508,2776420429.41052151,NaN
1.19574,3.10129,3011185.19968161,1718075.82332362,4361783135.80728817,NaN
1.19574,3.22968,3921122.49574025,1772299.54068422,6650392585.10357666,NaN
1.19574,3.35806,5036749.32729318,1341376.89007142,9860267296.73689079,NaN
1.19574,3.48645,7076267.86950314,481232.92995788,14240716888.90327072,NaN
1.19574,3.61484,12106620.65492028,32801.19975792,20064456195.90774536,NaN
1.19574,3.74323,24848635.03904178,2580061.17200641,27615111563.06590271,NaN
1.19574,3.87161,54694593.93216273,13996769.15101373,37170088785.23783875,NaN
1.19574,4.00000,118584014.74605803,45727103.48212978,48979281862.74427795,NaN
1.23404,0.02000,0.12183538,0.12182103,0.11948410,1.28923886e-01
1.23404,0.14839,0.07956590,0.07894249,0.06863520,1.65266197e-01
1.23404,0.27677,0.07246324,0.05177296,0.04023139,2.43493519e-01
1.23404,0.40516,0.24042922,0.23711179,0.02415149,3.48931332e-01
1.23404,0.53355,0.10459432,0.09033667,0.01490382,3.64577352e-01
1.23404,0.66194,0.02724269,0.01591006,0.00948912,3.59280416e-01
1.23404,0.79032,0.06920491,0.04477421,0.00625545,3.85164534e-01
1.23404,0.91871,0.13234988,0.11728482,0.52405500,3.98184790e-01
1.23404,1.04710,0.06634012,0.03598851,62.86667370,3.68458464e-01
1.23404,1.17548,0.03234259,0.00429073,1096.74850643,3.76513509e-01
1.23404,1.30387,0.08072782,0.01240391,9643.90918353,5.03528368e-01
1.23404,1.43226,0.53250413,0.05849640,57609.29298868,1.63326020e+00
1.23404,1.56065,3.59458227,1.56497361,266043.51135506,NaN
1.23404,1.68903,14.20098597,5.71025678,1018645.97814045,NaN
1.23404,1.81742,53.36508877,4.42781485,3375664.47296158,NaN
1.23404,1.94581,289.12325692,8.18204403,9962893.19806001,NaN
1.23404,2.07419,1657.13496463,328.24792956,26721934.97781449,NaN
1.23404,2.20258,7903.05559387,2731.83973810,66109306.57864186,NaN
1.23404,2.33097,30902.10044893,13790.64477650,152575666.28431904,NaN
1.23404,2.45935,102318.27645005,52710.52948113,331420625.72136962,NaN
1.23404,2.58774,295812.48324643,166910.39245568,682364729.08922029,NaN
1.23404,2.71613,764409.90707820,459058.52049415,1339352835.65361738,NaN
1.23404,2.84452,1796295.84273470,1128310.44169942,2518133334.37707901,NaN
1.23404,2.97290,3888119.98268359,2525070.70161317,4552969943.63779449,NaN
1.23404,3.10129,7827060.12179434,5211790.98020640,7943366378.21320915,NaN
1.23404,3.22968,14761581.90017833,10011815.46480707,13410866178.47473526,NaN
1.23404,3.35806,26227892.68929592,18015073.27503107,21964810846.91925430,NaN
1.23404,3.48645,44088825.54780503,30496463.66596078,34974426303.67475891,NaN
1.23404,3.61484,70341476.73380384,48695567.00421053,54242844602.04676819,NaN
1.23404,3.74323,106769341.39956823,73413031.35340142,82076799579.67192078,NaN
1.23404,3.87161,154465729.81374410,104409983.10649833,121343962213.47235107,NaN
1.23404,4.00000,213349713.20506603,139663389.78748006,175508451992.43209839,NaN
1.27234,0.02000,0.12857316,0.12855728,0.12619591,1.22162623e-01
1.27234,0.14839,0.16653223,0.16612581,0.06926862,1.55243839e-01
1.27234,0.27677,0.05196542,0.04950798,0.03861031,2.16595915e-01
1.27234,0.40516,0.03627933,0.03126854,0.02193493,2.97896935e-01
1.27234,0.53355,0.18089005,0.16765763,0.01275037,4.96188245e-01
1.27234,0.66194,0.35679911,0.34200771,0.00761390,8.16437622e-01
1.27234,0.79032,0.24032505,0.20273544,0.00468965,8.81239274e-01
1.27234,0.91871,0.08119641,0.00579819,0.00299100,8.70664758e-01
1.27234,1.04710,0.19961893,0.10013855,0.03920914,1.13181544e+00
1.27234,1.17548,0.49327006,0.39082921,20.23490477,1.94143436e+00
1.27234,1.30387,0.56269471,0.40906565,500.93883933,2.38354329e+00
1.27234,1.43226,0.40275219,0.11470785,5435.98520646,1.77593016e+00
1.27234,1.56065,0.43384575,0.01100336,37925.27891969,1.80201449e+00
1.27234,1.68903,0.74284639,0.18404761,198641.59608978,3.73901289e+00
1.27234,1.81742,1.19382008,0.08978671,847157.06122199,NaN
1.27234,1.94581,3.51978425,0.06168509,3088995.61006657,NaN
1.27234,2.07419,21.68414244,0.13165172,9943961.40726278,NaN
1.27234,2.20258,168.70638058,5.84829646,28901376.71798673,NaN
1.27234,2.33097,1151.23632901,172.49351996,77091107.30242111,NaN
1.27234,2.45935,6260.49814893,1648.57933688,191072255.32648435,NaN
1.27234,2.58774,27674.09524545,9765.09959799,444309792.83919114,NaN
1.27234,2.71613,103202.16675256,43448.22753805,976791949.38597512,NaN
1.27234,2.84452,335161.89814485,158653.24737169,2042911135.63962579,NaN
1.27234,2.97290,971228.49115707,499625.58217892,4085597628.80770397,NaN
1.27234,3.10129,2557615.89504585,1399829.66629498,7846587524.60658073,NaN
1.27234,3.22968,6206390.97101095,3563523.44522452,14524366101.38852692,NaN
1.27234,3.35806,14028177.74444616,8366996.72786985,25992411584.86779404,NaN
1.27234,3.48645,29784275.16544944,18321679.06810416,45090462179.60697174,NaN
1.27234,3.61484,59802075.81274569,37734351.02917842,76000197943.84735107,NaN
1.27234,3.74323,114167751.66965443,73576202.35044242,124713542294.15394592,NaN
1.27234,3.87161,208154489.84159729,136526158.95237136,199596397949.49371338,NaN
1.27234,4.00000,363760446.87122053,242080317.03168857,312042852304.52014160,NaN
1.31064,0.02000,0.13537418,0.13535915,0.13299832,1.19036111e-01
1.31064,0.14839,0.08090179,0.08022907,0.07041454,1.08355953e-01
1.31064,0.27677,0.10263999,0.09592496,0.03768275,1.59831203e-01
1.31064,0.40516,0.19849040,0.19399977,0.02045571,2.83173018e-01
1.31064,0.53355,0.04940809,0.01776136,0.01130710,3.91412099e-01
1.31064,0.66194,0.04384412,0.01102150,0.00639062,5.74647206e-01
1.31064,0.79032,0.29552858,0.26110750,0.00370900,1.11274695e+00
1.31064,0.91871,0.50826725,0.45932866,0.00222016,2.19872889e+00
1.31064,1.04710,0.38617143,0.26887552,0.00137647,2.37893186e+00
1.31064,1.17548,0.24464617,0.00194575,0.00088742,2.52300325e+00
1.31064,1.30387,0.64937709,0.28724773,4.65991623,6.90574153e+00
1.31064,1.43226,1.52902279,1.04034511,175.85619421,NaN
1.31064,1.56065,2.15274346,1.19802961,2392.01364130,NaN
1.31064,1.68903,2.67048785,0.31511901,19539.66808437,NaN
1.31064,1.81742,5.39085296,0.31355519,115798.67365926,NaN
1.31064,1.94581,13.42091028,3.75485814,547500.31317417,NaN
1.31064,2.07419,29.38780253,8.33819246,2183632.88865665,NaN
1.31064,2.20258,65.27318454,6.19290500,7616237.12502543,NaN
1.31064,2.33097,173.46760454,0.01214603,23816076.73608774,NaN
1.31064,2.45935,489.50635868,26.20982745,67982121.06027783,NaN
1.31064,2.58774,1280.77584736,124.93570267,179554349.76197076,NaN
1.31064,2.71613,3219.14907828,197.66173657,443430700.69340497,NaN
1.31064,2.84452,9052.66057914,24.30060209,1032502294.00900781,NaN
1.31064,2.97290,30580.06113671,1013.98169685,2281950342.54989719,NaN
1.31064,3.10129,111096.64919874,14716.03508915,4813548036.74617958,NaN
1.31064,3.22968,385880.42787258,90571.09189779,9735600644.40463638,NaN
1.31064,3.35806,1225162.72155665,389357.21088437,18953094617.76907730,NaN
1.31064,3.48645,3539022.30083634,1352232.26501870,35632835766.66719055,NaN
1.31064,3.61484,9374843.20072460,4050988.90760141,64879261262.15809631,NaN
1.31064,3.74323,23006575.46595861,10854783.37483244,114687282698.67956543,NaN
1.31064,3.87161,52798599.07331865,26611323.76317840,197247654799.84277344,NaN
1.31064,4.00000,114217543.83136779,60611299.93045333,330686321598.23858643,NaN
1.34894,0.02000,0.14223480,0.14221889,0.13987910,1.15736291e-01
1.34894,0.14839,0.08249894,0.08153961,0.07201053,8.80226804e-02
1.34894,0.27677,0.04872601,0.04709799,0.03731165,9.82135041e-02
1.34894,0.40516,0.03426940,0.02744659,0.01952142,1.50478449e-01
1.34894,0.53355,0.19193521,0.18407951,0.01035113,3.00612988e-01
1.34894,0.66194,0.19601547,0.17999546,0.00558506,5.14194323e-01
1.34894,0.79032,0.06161977,0.01541788,0.00307980,7.13035118e-01
1.34894,0.91871,0.11941076,0.05244079,0.00174365,1.16441426e+00
1.34894,1.04710,0.45017242,0.37131451,0.00101825,2.75740464e+00
1.34894,1.17548,0.67792199,0.54556022,0.00061616,6.80604589e+00
1.34894,1.30387,0.56701507,0.25020464,0.00038800,7.18863716e+00
1.34894,1.43226,0.65255777,0.00713167,0.73476654,1.24825438e+01
1.34894,1.56065,1.76296362,0.73297450,48.17373223,NaN
1.34894,1.68903,3.80360279,2.09184224,845.14338031,NaN
1.34894,1.81742,6.10693418,2.04878865,8156.17645346,NaN
1.34894,1.94581,11.05070585,0.20087955,54805.63887499,NaN
1.34894,2.07419,28.52817980,2.49207765,286967.46074794,NaN
1.34894,2.20258,78.47403504,17.39440931,1248481.92261227,NaN
1.34894,2.33097,210.27386397,36.10475458,4700522.32479686,NaN
1.34894,2.45935,624.51542415,22.02267523,15745580.05127886,NaN
1.34894,2.58774,2101.44304773,11.48067826,47868468.00005970,NaN
1.34894,2.71613,7072.15942958,528.39382075,134046024.15421778,NaN
1.34894,2.84452,21702.26459642,3554.87577435,349720063.41236687,NaN
1.34894,2.97290,59127.39163430,14113.56209837,857729641.67076468,NaN
1.34894,3.10129,143372.04880673,41902.30538464,1991967617.01983690,NaN
1.34894,3.22968,312688.64855126,101276.55555089,4406412305.03528881,NaN
1.34894,3.35806,621013.48749718,206483.56012419,9330235034.64746094,NaN
1.34894,3.48645,1139285.76160444,358539.75138785,18988863785.15196991,NaN
1.34894,3.61484,1969035.35473040,523080.73711943,37276053188.85637665,NaN
1.34894,3.74323,3306426.68984715,609611.06358713,70793765971.63825989,NaN
1.34894,3.87161,5646936.34387607,489300.36903042,130415135951.40795898,NaN
1.34894,4.00000,10313761.12355609,141348.49200603,233570402760.57901001,NaN
1.38723,0.02000,0.14914320,0.14912807,0.14682597,1.16828299e-01
1.38723,0.14839,0.08388174,0.08323785,0.07400666,7.89855408e-02
1.38723,0.27677,0.10856499,0.10717607,0.03739990,6.69601201e-02
1.38723,0.40516,0.04345142,0.02639832,0.01900501,8.77388323e-02
1.38723,0.53355,0.02021912,0.01504527,0.00974373,1.41122681e-01
1.38723,0.66194,0.08830831,0.07273155,0.00505938,2.74120320e-01
1.38723,0.79032,0.21573811,0.19873634,0.00267192,5.55944293e-01
1.38723,0.91871,0.17080089,0.13248572,0.00144176,8.92503874e-01
1.38723,1.04710,0.08217455,0.00179001,0.00079874,1.30541882e+00
1.38723,1.17548,0.24146294,0.12264696,0.00045656,2.46612901e+00
1.38723,1.30387,0.62947410,0.47086795,0.00027057,7.67138318e+00
1.38723,1.43226,0.85755486,0.54927871,0.00016701,2.97888456e+01
1.38723,1.56065,0.87947615,0.15268707,0.06931243,5.18168648e+01
1.38723,1.68903,1.55635426,0.11351152,10.28004288,NaN
1.38723,1.81742,3.95161474,1.47238427,243.63855716,NaN
1.38723,1.94581,8.19688571,3.23855499,2822.55066430,NaN
1.38723,2.07419,15.44885808,2.36315152,21639.34566221,NaN
1.38723,2.20258,35.83579366,0.00350950,125730.33814903,NaN
1.38723,2.33097,101.38154268,9.52075979,596547.89767544,NaN
1.38723,2.45935,294.58039013,45.98388498,2420785.55359079,NaN
1.38723,2.58774,888.50214026,80.19094578,8666545.47066865,NaN
1.38723,2.71613,2965.54494561,28.09313508,27981066.14866529,NaN
1.38723,2.84452,10500.41595647,128.39538378,82807375.90879251,NaN
1.38723,2.97290,36021.83096326,2665.31671513,227430833.43597513,NaN
1.38723,3.10129,113671.28155980,16998.54929591,585367795.16967249,NaN
1.38723,3.22968,325571.56116124,71178.55419963,1422949112.27331710,NaN
1.38723,3.35806,849304.82121490,234640.17997885,3287666888.84013987,NaN
1.38723,3.48645,2034866.61831922,656700.64829996,7257813599.39117718,NaN
1.38723,3.61484,4517158.54978876,1623432.36081720,15376466910.43185234,NaN
1.38723,3.74323,9363332.08135302,3629146.01711372,31380692009.79851913,NaN
1.38723,3.87161,18242399.83770199,7446505.59915502,61888979252.90980530,NaN
1.38723,4.00000,33589182.13797649,14160530.77958051,118279552473.36703491,NaN
1.42553,0.02000,0.15609261,0.15607792,0.15382667,1.17108318e-01
1.42553,0.14839,0.08581654,0.08528880,0.07636156,8.06246196e-02
1.42553,0.27677,0.04817508,0.04676614,0.03787683,5.98035387e-02
1.42553,0.40516,0.03871806,0.02576949,0.01882047,5.38847437e-02
1.42553,0.53355,0.08634772,0.08279641,0.00939610,7.57186033e-02
1.42553,0.66194,0.02406109,0.00799213,0.00472975,1.31463665e-01
1.42553,0.79032,0.02581712,0.00451393,0.00241004,2.46459531e-01
1.42553,0.91871,0.13338986,0.11210182,0.00124861,5.03738873e-01
1.42553,1.04710,0.20496045,0.17215469,0.00066089,9.59708364e-01
1.42553,1.17548,0.14678818,0.07405441,0.00035921,1.50479774e+00
1.42553,1.30387,0.13695896,0.00191096,0.00020153,2.41335047e+00
1.42553,1.43226,0.39545224,0.20211741,0.00011730,5.43547092e+00
1.42553,1.56065,0.81299244,0.51833348,0.00007118,2.71590834e+01
1.42553,1.68903,1.09000453,0.45652999,0.00237685,NaN
1.42553,1.81742,1.49125980,0.04332066,1.67007301,NaN
1.42553,1.94581,3.23833632,0.38825472,57.60660379,NaN
1.42553,2.07419,7.74082861,2.34665572,821.13350294,NaN
1.42553,2.20258,16.45524526,3.99371035,7259.32128592,NaN
1.42553,2.33097,36.38845408,1.87335705,47031.05100022,NaN
1.42553,2.45935,96.52575992,0.82275753,243830.10193866,NaN
1.42553,2.58774,284.22665690,23.53509512,1066767.65572395,NaN
1.42553,2.71613,864.90058056,86.78159001,4078657.28113784,NaN
1.42553,2.84452,2794.11378411,123.06036953,13965314.84093972,NaN
1.42553,2.97290,9675.78355340,14.26238086,43595425.58123354,NaN
1.42553,3.10129,34007.99677205,558.21108777,125768944.93918155,NaN
1.42553,3.22968,114206.87549258,7793.45837563,338868413.98444754,NaN
1.42553,3.35806,355447.78642245,46331.52163799,859931350.43447781,NaN
1.42553,3.48645,1017878.13680764,192938.32746322,2069346871.12996531,NaN
1.42553,3.61484,2690949.04672215,650151.84707579,4748773822.80710220,NaN
1.42553,3.74323,6612266.33055529,1891223.65560135,10441167333.36923981,NaN
1.42553,3.87161,15211609.30672186,4920975.47030246,22083180297.83768463,NaN
1.42553,4.00000,32981380.62335082,11709293.16646103,45080989447.62052155,NaN
1.46383,0.02000,0.16307436,0.16305953,0.16087002,1.18748662e-01
1.46383,0.14839,0.08836892,0.08766238,0.07904390,8.60325735e-02
1.46383,0.27677,0.04871063,0.04719700,0.03869392,6.21694456e-02
1.46383,0.40516,0.02732751,0.02548491,0.01891180,4.82097494e-02
1.46383,0.53355,0.01838228,0.01382300,0.00925272,4.52387308e-02
1.46383,0.66194,0.06332840,0.05869534,0.00454565,6.40444122e-02
1.46383,0.79032,0.05260009,0.04441372,0.00225051,1.18339034e-01
1.46383,0.91871,0.01792464,0.00230561,0.00112751,2.23784089e-01
1.46383,1.04710,0.05526703,0.03011112,0.00057427,4.38150733e-01
1.46383,1.17548,0.14935795,0.11840659,0.00029886,8.73977577e-01
1.46383,1.30387,0.18029106,0.12403663,0.00015976,1.56609288e+00
1.46383,1.43226,0.14494161,0.02741568,0.00008821,2.50496475e+00
1.46383,1.56065,0.22741905,0.02711414,0.00005057,4.49486314e+00
1.46383,1.68903,0.56086574,0.26541340,0.00003026,1.25404496e+01
1.46383,1.81742,1.00945875,0.49172195,0.00001897,NaN
1.46383,1.94581,1.47104197,0.30433774,0.19524480,NaN
1.46383,2.07419,2.58831996,0.00011400,11.12565792,NaN
1.46383,2.20258,5.99772941,0.79984255,202.46407193,NaN
1.46383,2.33097,14.00429748,3.07097108,2097.20556673,NaN
1.46383,2.45935,31.77534215,4.03338638,15271.57907739,NaN
1.46383,2.58774,79.19354174,0.91628985,86871.41175889,NaN
1.46383,2.71613,224.16739513,3.80037573,410583.37386639,NaN
1.46383,2.84452,676.42630617,43.45281511,1677709.97529216,NaN
1.46383,2.97290,2128.42207032,129.42718326,6091333.37336571,NaN
1.46383,3.10129,7075.08903719,145.91501404,20044059.18331244,NaN
1.46383,3.22968,24408.40109389,0.08172424,60672280.23091254,NaN
1.46383,3.35806,83354.67621561,1490.60335826,170889259.27403101,NaN
1.46383,3.48645,270810.34616382,16345.38816524,451968400.64000058,NaN
1.46383,3.61484,821380.33405103,91336.59300666,1130729483.54329967,NaN
1.46383,3.74323,2316097.51946224,373728.33643674,2692056721.29327011,NaN
1.46383,3.87161,6089004.47074046,1261679.64151540,6130049486.56832218,NaN
1.46383,4.00000,15005953.98345580,3718159.97670923,13407107524.28649902,NaN
1.50213,0.02000,0.17007864,0.17006406,0.16794423,1.18781420e-01
1.50213,0.14839,0.09082764,0.09033243,0.08202297,8.98936316e-02
1.50213,0.27677,0.04923495,0.04796190,0.03981098,6.95983482e-02
1.50213,0.40516,0.05189549,0.05094039,0.01923701,5.24995140e-02
1.50213,0.53355,0.01627042,0.01358170,0.00927459,4.12392883e-02
1.50213,0.66194,0.01038381,0.00726674,0.00447338,3.91719243e-02
1.50213,0.79032,0.02989487,0.02298928,0.00216546,5.43307320e-02
1.50213,0.91871,0.05186987,0.04528146,0.00105600,1.02173280e-01
1.50213,1.04710,0.03064807,0.01682750,0.00052101,1.99967426e-01
1.50213,1.17548,0.02413880,0.00064409,0.00026133,3.83888836e-01
1.50213,1.30387,0.07779159,0.04684612,0.00013396,7.47482310e-01
1.50213,1.43226,0.14620655,0.10196497,0.00007057,1.42307674e+00
1.50213,1.56065,0.16065578,0.07396526,0.00003842,2.46424563e+00
1.50213,1.68903,0.17276135,0.00370261,0.00002174,4.13551145e+00
1.50213,1.81742,0.33998673,0.06321135,0.00001285,8.37653147e+00
1.50213,1.94581,0.73017279,0.29097171,0.00000797,3.25196501e+01
1.50213,2.07419,1.26400384,0.40267891,0.01432544,NaN
1.50213,2.20258,2.11478947,0.15300211,1.71978744,NaN
1.50213,2.33097,4.34381025,0.05557344,42.24411775,NaN
1.50213,2.45935,10.23520339,1.22745831,524.51072486,NaN
1.50213,2.58774,24.19239134,3.40990227,4342.34582310,NaN
1.50213,2.71613,58.95209010,3.39562448,27273.78992747,NaN
1.50213,2.84452,158.07283195,0.14971435,139751.23595772,NaN
1.50213,2.97290,461.53183497,9.08487246,611469.08219606,NaN
1.50213,3.10129,1414.65911731,64.94976812,2356211.03974481,NaN
1.50213,3.22968,4522.03622989,161.98032467,8174226.23270492,NaN
1.50213,3.35806,15034.80792126,142.02090810,25952736.38520856,NaN
1.50213,3.48645,50658.45079939,19.66888409,76361713.13930234,NaN
1.50213,3.61484,166801.68438630,2899.55077690,210286426.28639948,NaN
1.50213,3.74323,522656.47700367,27046.90822995,546300941.16378307,NaN
1.50213,3.87161,1539381.58851986,143587.26415878,1347566091.70649004,NaN
1.50213,4.00000,4250741.16360077,576216.61544281,3173202166.11456108,NaN
1.54043,0.02000,0.17709765,0.17708290,0.17503884,1.19104505e-01
1.54043,0.14839,0.09374478,0.09327595,0.08527508,9.08892293e-02
1.54043,0.27677,0.05003740,0.04902637,0.04120035,7.27384525e-02
1.54043,0.40516,0.02728224,0.02574709,0.01976910,5.87892704e-02
1.54043,0.53355,0.02237652,0.01353001,0.00943767,4.63659621e-02
1.54043,0.66194,0.02189735,0.01945049,0.00449276,3.70622829e-02
1.54043,0.79032,0.00672899,0.00376771,0.00213859,3.49468549e-02
1.54043,0.91871,0.01105828,0.00200368,0.00102128,4.67733466e-02
1.54043,1.04710,0.03373090,0.02744905,0.00049120,8.61193415e-02
1.54043,1.17548,0.03578842,0.02598331,0.00023900,1.72648941e-01
1.54043,1.30387,0.02226316,0.00337950,0.00011824,3.34578993e-01
1.54043,1.43226,0.03609027,0.00763096,0.00005980,6.35968420e-01
1.54043,1.56065,0.08844729,0.05068596,0.00003110,1.20545249e+00
1.54043,1.68903,0.13625732,0.07479478,0.00001673,2.19895000e+00
1.54043,1.81742,0.15708291,0.03521359,0.00000936,3.78177937e+00
1.54043,1.94581,0.22547124,0.00073232,0.00000548,6.74397060e+00
1.54043,2.07419,0.46291664,0.09370274,0.00000337,1.56327070e+01
1.54043,2.20258,0.91775998,0.27463675,0.00043434,1.61637633e+02
1.54043,2.33097,1.63973187,0.28508955,0.20429692,NaN
1.54043,2.45935,3.12373079,0.04833531,7.39881891,NaN
1.54043,2.58774,6.93872515,0.18353447,113.75972570,NaN
1.54043,2.71613,16.54203717,1.53864761,1087.96669217,NaN
1.54043,2.84452,40.32306274,3.30037015,7612.67131510,NaN
1.54043,2.97290,103.91857593,2.39795887,42514.79798653,NaN
1.54043,3.10129,289.75450240,0.05695393,199832.96093243,NaN
1.54043,3.22968,857.83676092,15.58781165,818824.49172526,NaN
1.54043,3.35806,2644.88674017,82.73082354,2998100.83839450,NaN
1.54043,3.48645,8444.84793190,177.31134334,9988863.28628619,NaN
1.54043,3.61484,27597.28995071,118.41351821,30703513.29802834,NaN
1.54043,3.74323,90005.03886584,87.98272348,88010670.97844832,NaN
1.54043,3.87161,285164.96303967,4475.65680390,237293860.41087869,NaN
1.54043,4.00000,861813.98873987,37258.73119159,605999223.53990138,NaN
1.57872,0.02000,0.18412189,0.18410773,0.18214376,1.18650951e-01
1.57872,0.14839,0.09694378,0.09647245,0.08877850,9.13977606e-02
1.57872,0.27677,0.05154068,0.05036336,0.04283994,7.44415942e-02
1.57872,0.40516,0.02748421,0.02622601,0.02048861,6.17084914e-02
1.57872,0.53355,0.01513779,0.01364109,0.00972576,5.12901469e-02
1.57872,0.66194,0.01000153,0.00709779,0.00459075,4.19070430e-02
1.57872,0.79032,0.01771006,0.01609358,0.00215971,3.43687726e-02
1.57872,0.91871,0.00823886,0.00395212,0.00101554,3.20941858e-02
1.57872,1.04710,0.00514565,0.00101942,0.00047893,4.10468574e-02
1.57872,1.17548,0.01653083,0.01039216,0.00022744,7.23304414e-02
1.57872,1.30387,0.02820454,0.02080832,0.00010927,1.44697019e-01
1.57872,1.43226,0.02475977,0.01158219,0.00005339,2.84954602e-01
1.57872,1.56065,0.02254420,0.00008631,0.00002668,5.39313532e-01
1.57872,1.68903,0.04621475,0.01397312,0.00001372,1.00349551e+00
1.57872,1.81742,0.09076936,0.04469040,0.00000730,1.84117925e+00
1.57872,1.94581,0.12942881,0.04743281,0.00000405,3.26264753e+00
1.57872,2.07419,0.17155690,0.01205462,0.00000235,5.67515392e+00
1.57872,2.20258,0.29443315,0.00911593,0.00000143,1.08100883e+01
1.57872,2.33097,0.59527565,0.10820975,0.00000092,3.00804994e+01
1.57872,2.45935,1.15278322,0.22823099,0.01714552,NaN
1.57872,2.58774,2.19612746,0.17362907,1.06646762,NaN
1.57872,2.71613,4.58509729,0.00360279,21.29510341,NaN
1.57872,2.84452,10.59534071,0.32730962,240.50091359,NaN
1.57872,2.97290,25.68364469,1.65947864,1897.53584832,NaN
1.57872,3.10129,64.67176587,2.84606625,11634.54119858,NaN
1.57872,3.22968,172.70929918,1.40787506,59018.07180383,NaN
1.57872,3.35806,490.20156075,0.68164875,257918.70953775,NaN
1.57872,3.48645,1455.50017325,21.61402930,998589.55013967,NaN
1.57872,3.61484,4468.11883795,93.06883935,3495398.22004964,NaN
1.57872,3.74323,14067.62361034,175.24325085,11231194.79965479,NaN
1.57872,3.87161,44752.29492271,87.94218034,33519185.36914568,NaN
1.57872,4.00000,140789.78592026,184.88454555,93789651.89277336,NaN
1.61702,0.02000,0.19114454,0.19113062,0.18924968,1.18226767e-01
1.61702,0.14839,0.10034811,0.09990343,0.09251428,8.93120147e-02
1.61702,0.27677,0.05288088,0.05195130,0.04471282,7.36313724e-02
1.61702,0.40516,0.02941705,0.02690622,0.02138229,6.28489338e-02
1.61702,0.53355,0.01539940,0.01389615,0.01012872,5.38338372e-02
1.61702,0.66194,0.00847848,0.00716700,0.00475958,4.58370250e-02
1.61702,0.79032,0.00547233,0.00369713,0.00222288,3.85131619e-02
1.61702,0.91871,0.00962527,0.00751478,0.00103426,3.24453922e-02
1.61702,1.04710,0.00923728,0.00712798,0.00048082,3.01880573e-02
1.61702,1.17548,0.00428042,0.00051720,0.00022414,3.67845644e-02
1.61702,1.30387,0.00717319,0.00171601,0.00010521,6.12608470e-02
1.61702,1.43226,0.01689237,0.01085225,0.00004997,1.19540409e-01
1.61702,1.56065,0.02153709,0.01254271,0.00002414,2.36532376e-01
1.61702,1.68903,0.01970047,0.00373298,0.00001193,4.50452142e-01
1.61702,1.81742,0.02620393,0.00089152,0.00000608,8.30446324e-01
1.61702,1.94581,0.05234432,0.01633889,0.00000320,1.50567979e+00
1.61702,2.07419,0.09022683,0.03395252,0.00000176,2.68264716e+00
1.61702,2.20258,0.13066418,0.02598991,0.00000102,4.68129460e+00
1.61702,2.33097,0.20083926,0.00202247,0.00000062,8.31591618e+00
1.61702,2.45935,0.37428230,0.01945640,0.00000040,1.70502312e+01
1.61702,2.58774,0.74616078,0.10557428,0.00083639,6.65374588e+01
1.61702,2.71613,1.46655990,0.16976410,0.12193214,NaN
1.61702,2.84452,2.97935173,0.08923737,3.40124413,NaN
1.61702,2.97290,6.58068336,0.00537035,46.77828942,NaN
1.61702,3.10129,15.57244746,0.43629030,423.00316035,NaN
1.61702,3.22968,38.45046403,1.59335882,2875.26439169,NaN
1.61702,3.35806,99.23644094,2.22703709,15838.59169984,NaN
1.61702,3.48645,269.91513835,0.66320755,74127.31934519,NaN
1.61702,3.61484,769.42692398,1.70836142,304328.43753718,NaN
1.61702,3.74323,2271.54560884,25.73006098,1121274.67894926,NaN
1.61702,3.87161,6881.58339645,94.94881719,3770874.88617440,NaN
1.61702,4.00000,21184.27549859,160.48753830,11726570.33294938,NaN
1.65532,0.02000,0.19815776,0.19814408,0.19634810,1.17970518e-01
1.65532,0.14839,0.10398443,0.10355203,0.09646554,8.78251501e-02
1.65532,0.27677,0.05464718,0.05377269,0.04680556,7.14421288e-02
1.65532,0.40516,0.02889612,0.02777214,0.02244096,6.13551355e-02
1.65532,0.53355,0.01565853,0.01428215,0.01064032,5.40479191e-02
1.65532,0.66194,0.01289485,0.01213328,0.00499485,4.76564382e-02
1.65532,0.79032,0.00496412,0.00374894,0.00232484,4.15863795e-02
1.65532,0.91871,0.00313746,0.00191948,0.00107500,3.58298821e-02
1.65532,1.04710,0.00438559,0.00131120,0.00049503,3.09563522e-02
1.65532,1.17548,0.00700135,0.00541735,0.00022771,2.88782863e-02
1.65532,1.30387,0.00474755,0.00212358,0.00010501,3.36556073e-02
1.65532,1.43226,0.00387782,0.00013704,0.00004877,5.26073705e-02
1.65532,1.56065,0.00855851,0.00356655,0.00002292,9.86069059e-02
1.65532,1.68903,0.01471143,0.00826977,0.00001096,1.93001062e-01
1.65532,1.81742,0.01684346,0.00628045,0.00000537,3.68847420e-01
1.65532,1.94581,0.01856841,0.00062947,0.00000271,6.79613869e-01
1.65532,2.07419,0.03003964,0.00274886,0.00000142,1.22026021e+00
1.65532,2.20258,0.05562504,0.01518794,0.00000077,2.15596114e+00
1.65532,2.33097,0.09100838,0.02284189,0.00000044,3.75433368e+00
1.65532,2.45935,0.14073498,0.01208076,0.00000027,6.51537789e+00
1.65532,2.58774,0.24097778,0.00001436,0.00000017,1.18866429e+01
1.65532,2.71613,0.46492910,0.02621132,0.00001182,2.67770106e+01
1.65532,2.84452,0.92883626,0.09088036,0.01034129,3.15877340e+02
1.65532,2.97290,1.88397678,0.11437142,0.45463869,NaN
1.65532,3.10129,4.02236042,0.03678306,7.95870603,NaN
1.65532,3.22968,9.18732735,0.02994028,84.32264629,NaN
1.65532,3.35806,22.10750472,0.48603370,643.59680394,NaN
1.65532,3.48645,55.42454890,1.39613445,3881.34147027,NaN
1.65532,3.61484,145.09872765,1.60689647,19560.00648390,NaN
1.65532,3.74323,396.86737854,0.22667783,85473.04576790,NaN
1.65532,3.87161,1125.84001098,2.71613557,332363.42773777,NaN
1.65532,4.00000,3281.73366532,27.27962553,1172098.95436853,NaN
1.69362,0.02000,0.20515453,0.20514110,0.20343095,1.17527266e-01
1.69362,0.14839,0.10787780,0.10740270,0.10061618,8.63258988e-02
1.69362,0.27677,0.05665987,0.05581306,0.04910668,6.96379380e-02
1.69362,0.40516,0.02986679,0.02881219,0.02365810,5.93110094e-02
1.69362,0.53355,0.01588669,0.01479013,0.01125702,5.23908117e-02
1.69362,0.66194,0.00867681,0.00755848,0.00529449,4.71921892e-02
1.69362,0.79032,0.00638142,0.00385081,0.00246420,4.25885670e-02
1.69362,0.91871,0.00416020,0.00252694,0.00113669,3.80531242e-02
1.69362,1.04710,0.00193057,0.00099647,0.00052070,3.35895520e-02
1.69362,1.17548,0.00207976,0.00050790,0.00023747,2.97182074e-02
1.69362,1.30387,0.00417791,0.00276086,0.00010816,2.79167221e-02
1.69362,1.43226,0.00431587,0.00259640,0.00004939,3.13659457e-02
1.69362,1.56065,0.00313050,0.00029716,0.00002271,4.59257853e-02
1.69362,1.68903,0.00437087,0.00047838,0.00001057,8.18311320e-02
1.69362,1.81742,0.00850192,0.00363574,0.00000501,1.56383657e-01
1.69362,1.94581,0.01228178,0.00524414,0.00000243,2.97286054e-01
1.69362,2.07419,0.01441205,0.00258788,0.00000122,5.47935692e-01
1.69362,2.20258,0.01926031,0.00000318,0.00000063,9.79712273e-01
1.69362,2.33097,0.03305711,0.00384519,0.00000034,1.71515560e+00
1.69362,2.45935,0.05801193,0.01213668,0.00000020,2.96078826e+00
1.69362,2.58774,0.09516256,0.01380667,0.00000012,5.07138205e+00
1.69362,2.71613,0.15843892,0.00452148,0.00000008,8.80845913e+00
1.69362,2.84452,0.28971176,0.00140436,0.00000005,1.66029863e+01
1.69362,2.97290,0.56979643,0.02792741,0.00056177,4.30554802e+01
1.69362,3.10129,1.15518561,0.07093589,0.04893765,NaN
1.69362,3.22968,2.42051561,0.07034712,1.16621924,NaN
1.69362,3.35806,5.34556154,0.01054739,14.92909502,NaN
1.69362,3.48645,12.45881426,0.05696649,130.15654913,NaN
1.69362,3.61484,30.32719572,0.47813766,868.51275613,NaN
1.69362,3.74323,76.73613486,1.13825902,4746.31770707,NaN
1.69362,3.87161,201.83418563,1.08541296,22184.34855278,NaN
1.69362,4.00000,550.11443795,0.03941189,91363.60824811,NaN
1.73191,0.02000,0.21212832,0.21211515,0.21049073,1.17304399e-01
1.73191,0.14839,0.11185581,0.11144097,0.10495065,8.48064797e-02
1.73191,0.27677,0.05889458,0.05806016,0.05160567,6.76654155e-02
1.73191,0.40516,0.03171885,0.03001766,0.02502845,5.73263426e-02
1.73191,0.53355,0.01644847,0.01541409,0.01197666,5.04311719e-02
1.73191,0.66194,0.00882023,0.00786965,0.00565769,4.55259176e-02
1.73191,0.79032,0.00487822,0.00399965,0.00264059,4.17271946e-02
1.73191,0.91871,0.00313921,0.00202641,0.00121906,3.83568173e-02
1.73191,1.04710,0.00322577,0.00269418,0.00055755,3.50003499e-02
1.73191,1.17548,0.00151488,0.00051863,0.00025315,3.16131646e-02
1.73191,1.30387,0.00115553,0.00026293,0.00011440,2.86079055e-02
1.73191,1.43226,0.00217065,0.00090617,0.00005162,2.71364177e-02
1.73191,1.56065,0.00312333,0.00187680,0.00002335,2.96634783e-02
1.73191,1.68903,0.00279414,0.00093637,0.00001064,4.08048932e-02
1.73191,1.81742,0.00276316,0.00001846,0.00000491,6.86259705e-02
1.73191,1.94581,0.00463848,0.00095493,0.00000231,1.26771185e-01
1.73191,2.07419,0.00776896,0.00285297,0.00000111,2.37516034e-01
1.73191,2.20258,0.01053047,0.00288838,0.00000055,4.35983561e-01
1.73191,2.33097,0.01355923,0.00082038,0.00000029,7.77646909e-01
1.73191,2.45935,0.02053592,0.00023401,0.00000015,1.35329418e+00
1.73191,2.58774,0.03546996,0.00395004,0.00000009,2.31468881e+00
1.73191,2.71613,0.06100054,0.00866988,0.00000005,3.91771998e+00
1.73191,2.84452,0.10314552,0.00754397,0.00000003,6.63394132e+00
1.73191,2.97290,0.18234612,0.00117525,0.00000002,1.15843185e+01
1.73191,3.10129,0.34665006,0.00330374,0.00001314,2.27748414e+01
1.73191,3.22968,0.69305917,0.02565403,0.00397509,7.53065742e+01
1.73191,3.35806,1.43265019,0.05117623,0.14377605,NaN
1.73191,3.48645,3.08180995,0.03967339,2.32300940,NaN
1.73191,3.61484,6.95257184,0.00115213,23.66696345,NaN
1.73191,3.74323,16.39617452,0.07511604,177.14379553,NaN
1.73191,3.87161,40.16139895,0.42930616,1059.17099190,NaN
1.73191,4.00000,101.88309304,0.87747186,5327.79993640,NaN
1.77021,0.02000,0.21907309,0.21906018,0.21752081,1.17159966e-01
1.77021,0.14839,0.11605999,0.11565325,0.10945539,8.39793677e-02
1.77021,0.27677,0.06131341,0.06050342,0.05429432,6.61686537e-02
1.77021,0.40516,0.03238319,0.03138193,0.02654910,5.54257149e-02
1.77021,0.53355,0.01723444,0.01615015,0.01279919,4.84604016e-02
1.77021,0.66194,0.00929172,0.00825403,0.00608540,4.36307827e-02
1.77021,0.79032,0.00496600,0.00419393,0.00285501,4.00781185e-02
1.77021,0.91871,0.00278655,0.00212128,0.00132281,3.72683811e-02
1.77021,1.04710,0.00176137,0.00106962,0.00060600,3.47795244e-02
1.77021,1.17548,0.00183209,0.00121660,0.00027493,3.23125434e-02
1.77021,1.30387,0.00137742,0.00081435,0.00012379,2.98010151e-02
1.77021,1.43226,0.00079922,0.00013690,0.00005546,2.75431940e-02
1.77021,1.56065,0.00110718,0.00006939,0.00002481,2.64247418e-02
1.77021,1.68903,0.00191527,0.00094949,0.00001113,2.83432153e-02
1.77021,1.81742,0.00221279,0.00096741,0.00000503,3.68837766e-02
1.77021,1.94581,0.00212371,0.00023239,0.00000230,5.83402628e-02
1.77021,2.07419,0.00274004,0.00006613,0.00000107,1.03333619e-01
1.77021,2.20258,0.00456452,0.00101850,0.00000051,1.89290689e-01
1.77021,2.33097,0.00698435,0.00191239,0.00000025,3.43972041e-01
1.77021,2.45935,0.00956206,0.00139973,0.00000013,6.10806638e-01
1.77021,2.58774,0.01358195,0.00015874,0.00000007,1.05835283e+00
1.77021,2.71613,0.02193207,0.00056019,0.00000004,1.79748282e+00
1.77021,2.84452,0.03781912,0.00340094,0.00000002,3.01108307e+00
1.77021,2.97290,0.06535605,0.00566564,0.00000002,5.01365938e+00
1.77021,3.10129,0.11466901,0.00371981,0.00000001,8.42466910e+00
1.77021,3.22968,0.21151710,0.00011151,0.00000001,1.48515821e+01
1.77021,3.35806,0.41234857,0.00447684,0.00021335,3.09226547e+01
1.77021,3.48645,0.83756828,0.02123986,0.01432185,1.71886873e+02
1.77021,3.61484,1.76313811,0.03462644,0.31205681,NaN
1.77021,3.74323,3.86295641,0.02052225,3.83494236,NaN
1.77021,3.87161,8.82222990,0.00022960,32.78685813,NaN
1.77021,4.00000,20.92036414,0.08138512,216.97354980,NaN
1.80851,0.02000,0.22598329,0.22597063,0.22451514,1.17002360e-01
1.80851,0.14839,0.12042621,0.12002675,0.11411731,8.33436499e-02
1.80851,0.27677,0.06392893,0.06313346,0.05716484,6.52205912e-02
1.80851,0.40516,0.03387671,0.03289990,0.02821761,5.40872918e-02
1.80851,0.53355,0.01797372,0.01699599,0.01372512,4.67891196e-02
1.80851,0.66194,0.00960658,0.00871067,0.00657916,4.18143832e-02
1.80851,0.79032,0.00572609,0.00482452,0.00310898,3.82840512e-02
1.80851,0.91871,0.00289214,0.00224316,0.00144909,3.56535563e-02
1.80851,1.04710,0.00162428,0.00112989,0.00066676,3.35594361e-02
1.80851,1.17548,0.00103145,0.00056743,0.00030322,3.17189133e-02
1.80851,1.30387,0.00096940,0.00028458,0.00013651,2.99218180e-02
1.80851,1.43226,0.00102229,0.00066865,0.00006098,2.81052436e-02
1.80851,1.56065,0.00067371,0.00010985,0.00002710,2.64778604e-02
1.80851,1.68903,0.00063939,0.00003629,0.00001202,2.57085575e-02
1.80851,1.81742,0.00107279,0.00032364,0.00000535,2.72477053e-02
1.80851,1.94581,0.00151917,0.00064475,0.00000240,3.38504466e-02
1.80851,2.07419,0.00165786,0.00040783,0.00000109,5.03765647e-02
1.80851,2.20258,0.00186552,0.00002262,0.00000050,8.50202292e-02
1.80851,2.33097,0.00272481,0.00018622,0.00000024,1.51208946e-01
1.80851,2.45935,0.00433532,0.00084367,0.00000012,2.70416796e-01
1.80851,2.58774,0.00641655,0.00114327,0.00000006,4.76266909e-01
1.80851,2.71613,0.00918663,0.00059272,0.00000003,8.20986742e-01
1.80851,2.84452,0.01404272,0.00000348,0.00000002,1.38651471e+00
1.80851,2.97290,0.02340434,0.00071735,0.00000001,2.30394493e+00
1.80851,3.10129,0.04054275,0.00260191,0.00000001,3.78920403e+00
1.80851,3.22968,0.07130387,0.00343769,0.00000000,6.22444156e+00
1.80851,3.35806,0.12927035,0.00163539,0.00000000,1.04098634e+01
1.80851,3.48645,0.24547034,0.00002756,0.00000540,1.86119101e+01
1.80851,3.61484,0.48728544,0.00472906,0.00107589,4.19994295e+01
1.80851,3.74323,1.00378819,0.01628654,0.03522558,NaN
1.80851,3.87161,2.14276435,0.02223529,0.54658205,NaN
1.80851,4.00000,4.74711187,0.00969176,5.47011359,NaN
1.84681,0.02000,0.23285384,0.23284145,0.23146819,1.16899291e-01
1.84681,0.14839,0.12494352,0.12454932,0.11892394,8.27752767e-02
1.84681,0.27677,0.06672590,0.06594182,0.06020996,6.44666444e-02
1.84681,0.40516,0.03552999,0.03456752,0.03003215,5.31556864e-02
1.84681,0.53355,0.01890829,0.01795038,0.01475566,4.56070943e-02
1.84681,0.66194,0.01009217,0.00923966,0.00714117,4.03728335e-02
1.84681,0.79032,0.00543697,0.00471813,0.00340461,3.66710518e-02
1.84681,0.91871,0.00303768,0.00239250,0.00159950,3.39995944e-02
1.84681,1.04710,0.00200174,0.00159251,0.00074090,3.20056987e-02
1.84681,1.17548,0.00098698,0.00060544,0.00033866,3.04306626e-02
1.84681,1.30387,0.00062319,0.00030304,0.00015294,2.90721592e-02
1.84681,1.43226,0.00054076,0.00015151,0.00006835,2.77802708e-02
1.84681,1.56065,0.00065002,0.00034642,0.00003030,2.65049496e-02
1.84681,1.68903,0.00055823,0.00023537,0.00001336,2.53937792e-02
1.84681,1.81742,0.00044941,0.00001917,0.00000588,2.49466407e-02
1.84681,1.94581,0.00060597,0.00004941,0.00000260,2.62640351e-02
1.84681,2.07419,0.00094108,0.00030415,0.00000115,3.14462529e-02
1.84681,2.20258,0.00119573,0.00035749,0.00000052,4.42100673e-02
1.84681,2.33097,0.00136560,0.00013891,0.00000024,7.08251115e-02
1.84681,2.45935,0.00176004,0.00000072,0.00000011,1.21541298e-01
1.84681,2.58774,0.00266426,0.00022710,0.00000006,2.12735356e-01
1.84681,2.71613,0.00410866,0.00060212,0.00000003,3.70062671e-01
1.84681,2.84452,0.00610932,0.00062264,0.00000002,6.33152542e-01
1.84681,2.97290,0.00919512,0.00021232,0.00000001,1.06306000e+00
1.84681,3.10129,0.01474227,0.00002067,0.00000001,1.75480192e+00
1.84681,3.22968,0.02504505,0.00070386,0.00000000,2.85938874e+00
1.84681,3.35806,0.04387414,0.00182678,0.00000000,4.62725480e+00
1.84681,3.48645,0.07878692,0.00195621,0.00000000,7.51619095e+00
1.84681,3.61484,0.14652592,0.00062195,0.00000001,1.25427867e+01
1.84681,3.74323,0.28385926,0.00021975,0.00005315,2.28668646e+01
1.84681,3.87161,0.57117155,0.00431667,0.00319369,5.78824313e+01
1.84681,4.00000,1.18945150,0.01178472,0.06707179,NaN
1.88511,0.02000,0.23968014,0.23966801,0.23837508,1.16853305e-01
1.88511,0.14839,0.12959588,0.12920942,0.12386346,8.24910710e-02
1.88511,0.27677,0.06969594,0.06892065,0.06342263,6.39373038e-02
1.88511,0.40516,0.03761950,0.03638148,0.03199092,5.24605848e-02
1.88511,0.53355,0.01996210,0.01901287,0.01589208,4.47614771e-02
1.88511,0.66194,0.01068126,0.00984182,0.00777382,3.93391395e-02
1.88511,0.79032,0.00574329,0.00504965,0.00374426,3.54298526e-02
1.88511,0.91871,0.00312476,0.00257027,0.00177590,3.25882723e-02
1.88511,1.04710,0.00175307,0.00129923,0.00082971,3.05103517e-02
1.88511,1.17548,0.00114544,0.00065302,0.00038205,2.89642129e-02
1.88511,1.30387,0.00068700,0.00032684,0.00017353,2.77650921e-02
1.88511,1.43226,0.00039490,0.00016315,0.00007785,2.67640911e-02
1.88511,1.56065,0.00032165,0.00008137,0.00003455,2.58518848e-02
1.88511,1.68903,0.00038555,0.00010725,0.00001521,2.49915717e-02
1.88511,1.81742,0.00041289,0.00018808,0.00000666,2.42908393e-02
1.88511,1.94581,0.00035336,0.00005575,0.00000291,2.41229123e-02
1.88511,2.07419,0.00038033,0.00000519,0.00000127,2.53185533e-02
1.88511,2.20258,0.00056122,0.00009507,0.00000056,2.94692637e-02
1.88511,2.33097,0.00079304,0.00021221,0.00000025,3.93961273e-02
1.88511,2.45935,0.00098363,0.00017161,0.00000012,5.98594899e-02
1.88511,2.58774,0.00121768,0.00003454,0.00000005,9.86272150e-02
1.88511,2.71613,0.00170095,0.00001979,0.00000003,1.68076278e-01
1.88511,2.84452,0.00258923,0.00020601,0.00000001,2.87560551e-01
1.88511,2.97290,0.00395771,0.00038786,0.00000001,4.86887828e-01
1.88511,3.10129,0.00601896,0.00031207,0.00000000,8.11554584e-01
1.88511,3.22968,0.00944498,0.00005890,0.00000000,1.33103674e+00
1.88511,3.35806,0.01561621,0.00006395,0.00000000,2.15264545e+00
1.88511,3.48645,0.02694295,0.00059282,0.00000000,3.44652897e+00
1.88511,3.61484,0.04788066,0.00120132,0.00000000,5.49827989e+00
1.88511,3.74323,0.08763133,0.00105103,0.00000000,8.84799151e+00
1.88511,3.87161,0.16604534,0.00019036,0.00000121,1.47673031e+01
1.88511,4.00000,0.32616147,0.00039169,0.00021507,2.76198363e+01
1.92340,0.02000,0.24645801,0.24644614,0.24523133,1.16800708e-01
1.92340,0.14839,0.13437637,0.13399604,0.12892455,8.22982716e-02
1.92340,0.27677,0.07282899,0.07206256,0.06679626,6.36485565e-02
1.92340,0.40516,0.03928675,0.03833892,0.03409267,5.20246384e-02
1.92340,0.53355,0.02113346,0.02018354,0.01713630,4.41769341e-02
1.92340,0.66194,0.01147283,0.01051854,0.00848014,3.86095095e-02
1.92340,0.79032,0.00611769,0.00542944,0.00413085,3.45383531e-02
1.92340,0.91871,0.00331779,0.00277787,0.00198061,3.15207696e-02
1.92340,1.04710,0.00182591,0.00141001,0.00093481,2.92822880e-02
1.92340,1.17548,0.00103702,0.00071084,0.00043444,2.76284024e-02
1.92340,1.30387,0.00064911,0.00035639,0.00019892,2.64037306e-02
1.92340,1.43226,0.00047724,0.00032568,0.00008981,2.54771197e-02
1.92340,1.56065,0.00027650,0.00008866,0.00004003,2.47390913e-02
1.92340,1.68903,0.00020413,0.00004414,0.00001765,2.41093785e-02
1.92340,1.81742,0.00022780,0.00002201,0.00000772,2.35620395e-02
1.92340,1.94581,0.00027742,0.00010395,0.00000335,2.31784463e-02
1.92340,2.07419,0.00027387,0.00007533,0.00000145,2.32389729e-02
1.92340,2.20258,0.00027003,0.00000280,0.00000063,2.43697154e-02
1.92340,2.33097,0.00034686,0.00001239,0.00000028,2.77719375e-02
1.92340,2.45935,0.00050115,0.00008858,0.00000012,3.55752088e-02
1.92340,2.58774,0.00067404,0.00012632,0.00000006,5.13709921e-02
1.92340,2.71613,0.00085680,0.00007238,0.00000003,8.10096513e-02
1.92340,2.84452,0.00113975,0.00000411,0.00000001,1.33785181e-01
1.92340,2.97290,0.00165922,0.00003499,0.00000001,2.24183975e-01
1.92340,3.10129,0.00253238,0.00015893,0.00000000,3.74444412e-01
1.92340,3.22968,0.00389830,0.00023134,0.00000000,6.18318573e-01
1.92340,3.35806,0.00608882,0.00014429,0.00000000,1.00675369e+00
1.92340,3.48645,0.00985809,0.00000948,0.00000000,1.61687469e+00
1.92340,3.61484,0.01665303,0.00008795,0.00000000,2.56710412e+00
1.92340,3.74323,0.02914009,0.00045167,0.00000000,4.04543193e+00
1.92340,3.87161,0.05252638,0.00075058,0.00000000,6.37226435e+00
1.92340,4.00000,0.09761268,0.00053541,0.00000000,1.01750740e+01
1.96170,0.02000,0.25318372,0.25317211,0.25203301,1.16751192e-01
1.96170,0.14839,0.13927309,0.13889864,0.13409639,8.21122538e-02
1.96170,0.27677,0.07611965,0.07536051,0.07032417,6.34301873e-02
1.96170,0.40516,0.04138062,0.04043731,0.03633580,5.17580958e-02
1.96170,0.53355,0.02240817,0.02146281,0.01848994,4.38168777e-02
1.96170,0.66194,0.01211211,0.01127154,0.00926304,3.81289914e-02
1.96170,0.79032,0.00656465,0.00585950,0.00456736,3.39249142e-02
1.96170,0.91871,0.00358482,0.00301701,0.00221606,3.07614553e-02
1.96170,1.04710,0.00194908,0.00153982,0.00105797,2.83668668e-02
1.96170,1.17548,0.00108606,0.00077976,0.00049701,2.65627827e-02
1.96170,1.30387,0.00062621,0.00039224,0.00022982,2.52190836e-02
1.96170,1.43226,0.00039114,0.00019626,0.00010466,2.42293870e-02
1.96170,1.56065,0.00029355,0.00012028,0.00004698,2.35010001e-02
1.96170,1.68903,0.00020652,0.00008248,0.00002082,2.29545285e-02
1.96170,1.81742,0.00014108,0.00002421,0.00000912,2.25317801e-02
1.96170,1.94581,0.00014038,0.00001206,0.00000396,2.22157077e-02
1.96170,2.07419,0.00017649,0.00003971,0.00000171,2.20698739e-02
1.96170,2.20258,0.00019902,0.00005836,0.00000074,2.23070508e-02
1.96170,2.33097,0.00020260,0.00002338,0.00000032,2.33999254e-02
1.96170,2.45935,0.00023229,0.00000079,0.00000014,2.62537302e-02
1.96170,2.58774,0.00031729,0.00002289,0.00000006,3.24705385e-02
1.96170,2.71613,0.00044384,0.00006469,0.00000003,4.47474114e-02
1.96170,2.84452,0.00059142,0.00006744,0.00000001,6.74682562e-02
1.96170,2.97290,0.00078330,0.00002649,0.00000001,1.07576749e-01
1.96170,3.10129,0.00109636,0.00000003,0.00000000,1.75856756e-01
1.96170,3.22968,0.00163280,0.00003789,0.00000000,2.88798861e-01
1.96170,3.35806,0.00250996,0.00011043,0.00000000,4.71314044e-01
1.96170,3.48645,0.00392132,0.00012977,0.00000000,7.60719108e-01
1.96170,3.61484,0.00627494,0.00006121,0.00000000,1.21275885e+00
1.96170,3.74323,0.01039565,0.00000004,0.00000000,1.91115127e+00
1.96170,3.87161,0.01785014,0.00008960,0.00000000,2.98391794e+00
1.96170,4.00000,0.03163193,0.00032067,0.00000000,4.63507709e+00
2.00000,0.02000,0.25985391,0.25984256,0.25877667,1.16719752e-01
2.00000,0.14839,0.14427592,0.14390716,0.13936886,8.19622621e-02
2.00000,0.27677,0.07956036,0.07880766,0.07400006,6.32454613e-02
2.00000,0.40516,0.04361526,0.04267423,0.03871900,5.15581179e-02
2.00000,0.53355,0.02379897,0.02285129,0.01995490,4.35838993e-02
2.00000,0.66194,0.01294732,0.01210283,0.01012578,3.78296639e-02
2.00000,0.79032,0.00703882,0.00634211,0.00505708,3.35298457e-02
2.00000,0.91871,0.00383813,0.00328970,0.00248503,3.02505118e-02
2.00000,1.04710,0.00213641,0.00169018,0.00120124,2.77251884e-02
2.00000,1.17548,0.00117507,0.00086084,0.00057116,2.57803833e-02
2.00000,1.30387,0.00065881,0.00043509,0.00026714,2.42964853e-02
2.00000,1.43226,0.00038591,0.00021848,0.00012294,2.31838726e-02
2.00000,1.56065,0.00024363,0.00010916,0.00005570,2.23684251e-02
2.00000,1.68903,0.00018023,0.00005435,0.00002487,2.17847967e-02
2.00000,1.81742,0.00014543,0.00006944,0.00001095,2.13764403e-02
2.00000,1.94581,0.00010520,0.00001343,0.00000477,2.11023455e-02
2.00000,2.07419,0.00009302,0.00000669,0.00000206,2.09527683e-02
2.00000,2.20258,0.00011130,0.00000611,0.00000088,2.09789761e-02
2.00000,2.33097,0.00013631,0.00003234,0.00000038,2.13444407e-02
2.00000,2.45935,0.00015017,0.00002641,0.00000016,2.24076562e-02
2.00000,2.58774,0.00016621,0.00000497,0.00000007,2.48512022e-02
2.00000,2.71613,0.00020959,0.00000151,0.00000003,2.98785339e-02
2.00000,2.84452,0.00028937,0.00002253,0.00000001,3.95092826e-02
2.00000,2.97290,0.00039837,0.00004126,0.00000001,5.70164790e-02
2.00000,3.10129,0.00053814,0.00003302,0.00000000,8.75675439e-02
2.00000,3.22968,0.00074138,0.00000802,0.00000000,1.39157882e-01
2.00000,3.35806,0.00107345,0.00000210,0.00000000,2.23963546e-01
2.00000,3.48645,0.00162459,0.00003288,0.00000000,3.60293420e-01
2.00000,3.61484,0.00252539,0.00007128,0.00000000,5.75411847e-01
2.00000,3.74323,0.00401158,0.00006918,0.00000000,9.09676927e-01
2.00000,3.87161,0.00654835,0.00002344,0.00000000,1.42279849e+00
2.00000,4.00000,0.01103653,0.00000206,0.00000000,2.20382799e+00
